upc_id,department_id,upc_description,cost,retail_price,cost_avail_flag,retail_price_avail_flag,created_by,creation_date,modified_by,modified_date,upc_source
83046453375,27,RCI ICE MOUNTAIN SPORT TOP 700ML BOTTLE,,1.89,N,Y,TLOG,2025-07-24 15:32:46.948,,,1021032
672744420040,46,USPPR DAISY BATH TISSUE SOFT 2,,2.39,N,Y,TLOG,2025-07-24 15:32:46.971,,,1021033
70330000025,48,BIC MINI LIGHTER 50CT EA,,1.69,N,Y,TLOG,2025-07-24 15:32:46.998,,,1021034
49000001327,24,RCI SPRITE 12Z CAN EA,,1.09,N,Y,TLOG,2025-07-24 15:32:47,,,1021034
70137114918,16,BLACK AND MILD CIGAR SWEET PT,,1.19,N,Y,TLOG,2025-07-24 15:32:47.02,,,1021035
191088113451,21,COFF REFILL EA,,0.89,N,Y,TLOG,2025-07-24 15:32:47.031,,,1021036
42100005431,15,AM SNF GRIZZLY WINTERGREEN POU,,11.53,N,Y,TLOG,2025-07-24 15:32:47.036,,,1016032
191088113642,41,GREBES DONUT EA,,1.59,N,Y,TLOG,2025-07-24 15:32:47.047,,,1021037
28200309822,14,PHMO LM KS BX PK,,11.15,N,Y,TLOG,2025-07-24 15:32:47.068,,,1021039
28400259613,38,FRITO LAYS GRANDMAS CHOCOLATE CHIP BIG,,2.09,N,Y,TLOG,2025-07-24 15:32:47.073,,,1021040
22000282170,32,EXTRA WTRMELN MEGA PK,,3.99,N,Y,TLOG,2025-07-24 15:32:47.075,,,1021040
611269818994,28,RED BULL ORIGINAL 12Z CAN EA,,3.89,N,Y,TLOG,2025-07-24 15:32:47.079,,,1021040
90500000532,14,ITG MAVERICK GOLD 100 BX PK,,9.87,N,Y,TLOG,2025-07-24 15:32:47.083,,,1016033
754336026943,10,$10 HIT 500,,10.00,N,Y,TLOG,2025-07-24 15:32:47.091,,,1021041
27200001859,14,RJR PALL MALL ORANGE 100 BX PK,,10.24,N,Y,TLOG,2025-07-24 15:32:47.126,,,1021044
12000005596,24,PEPSI WILD CHERRY 20Z BOTTLE EA,,2.69,N,Y,TLOG,2025-07-24 15:32:47.138,,,1016034
12000004520,29,STARBUCKS FRAPPUCCINO MOCHA 13.7Z BOTTL,,4.19,N,Y,TLOG,2025-07-24 15:32:47.148,,,1016035
12000192906,29,STARBUCKS NITRO COLD BREW VNLA SWEET 9.,,4.69,N,Y,TLOG,2025-07-24 15:32:47.152,,,1016035
12000000850,24,MOUNTAIN DEW 12Z CAN EA,,1.49,N,Y,TLOG,2025-07-24 15:32:47.158,,,1021045
28400742368,35,FL PP 269,,2.69,N,Y,TLOG,2025-07-24 15:32:47.167,,,1021046
818094005777,28,ROCKSTAR ORIGINAL 16Z CAN EA,,2.99,N,Y,TLOG,2025-07-24 15:32:47.168,,,1021046
28400259422,38,FRITO LAYS GRANDMAS CHOCOLATE BROWNIE B,,2.09,N,Y,TLOG,2025-07-24 15:32:47.17,,,1021046
28400741293,34,FL NUT HARVEST FLAMIN HOT PEANUTS 3.25Z,,2.09,N,Y,TLOG,2025-07-24 15:32:47.172,,,1021046
28435600541,24,BUBBLR ORANGE DREAM 12Z CAN,,2.19,N,Y,TLOG,2025-07-24 15:32:47.185,,,1021047
722252100900,37,CLIF BAR CHOC CHIP 2.4Z EA,,2.39,N,Y,TLOG,2025-07-24 15:32:47.187,,,1021047
191088113079,50,ARC 8LB ICE EA,,2.79,N,Y,TLOG,2025-07-24 15:32:47.192,,,1021048
27541001235,27,RCI NIAGARA DRINKING WATER 0.5L BOTTLES,,5.39,N,Y,TLOG,2025-07-24 15:32:47.194,,,1021048
48500206034,26,PEPSI TROPICANA ORANGE JUICE NO PULP 11,,3.29,N,Y,TLOG,2025-07-24 15:32:47.199,,,1021049
24300865404,38,LITTLE DEBBIE GLAZED HONEY BUN EA,,1.99,N,Y,TLOG,2025-07-24 15:32:47.2,,,1021049
34000003709,31,HRSHY SKOR BAR 1.4Z EA,,1.99,N,Y,TLOG,2025-07-24 15:32:47.205,,,1021050
28200004772,14,PHMO MARLBORO SILVER KS BX PK,,12.40,N,Y,TLOG,2025-07-24 15:32:47.221,,,1021051
47995855093,14,SNTFE AMERICAN SPIRIT YELLOW K,,13.03,N,Y,TLOG,2025-07-24 15:32:47.229,,,1021052
819913012594,17,JUUL ECIG POD MENTHOL RFL 5P 4,,20.99,N,Y,TLOG,2025-07-24 15:32:47.234,,,1021053
22000008985,32,WRIGLEY EXTRA POLAR ICE 15 PC,,1.99,N,Y,TLOG,2025-07-24 15:32:47.235,,,1021053
747804015075,39,KITCHEN FRESH HAM AND PEPPERONI WEDGE E,,5.69,N,Y,TLOG,2025-07-24 15:32:47.243,,,1021054
811374039981,28,RCI BUCKED UP CHERRY CANDY 16Z CAN EA,,2.99,N,Y,TLOG,2025-07-24 15:32:47.245,,,1021054
191088113130,21,ANODYNE COFFEE 20Z EA,,2.49,N,Y,TLOG,2025-07-24 15:32:47.249,,,1016037
12000221767,29,STARBUCKS DOUBLESHOT CARAMEL 15Z CAN EA,,4.19,N,Y,TLOG,2025-07-24 15:32:47.267,,,1021055
685060084711,39,DAYNITE 4.1Z EA,,3.59,N,Y,TLOG,2025-07-24 15:32:47.269,,,1021055
852480007846,28,CELSIUS FRUIT BURST 16Z CAN EA,,3.29,N,Y,TLOG,2025-07-24 15:32:47.276,,,1016039
71421579840,39,TYSN BIG AZ CHEESEBURGER BCH/WP 8.9Z EA,,4.49,N,Y,TLOG,2025-07-24 15:32:47.278,,,1016039
191088113123,21,ANODYNE COFFEE 16Z EA,,1.99,N,Y,TLOG,2025-07-24 15:32:47.282,,,1021056
852480007884,28,CELSIUS ORANGESICLE 16Z CAN EA,,3.29,N,Y,TLOG,2025-07-24 15:32:47.297,,,1021059
28400768986,35,FL CHESTERS JLPNO CHDR PPCRN,,2.99,N,Y,TLOG,2025-07-24 15:32:47.299,,,1021059
35751114324,38,BON APPETIT CAKE CREAM CHEESE BAR 4Z EA,,3.19,N,Y,TLOG,2025-07-24 15:32:47.302,,,1016040
72730224506,30,PF MLK 2% RDCE EA,,1.99,N,Y,TLOG,2025-07-24 15:32:47.304,,,1016040
74329123368,45,OH SNAP GONE DILLY PICKLE 3Z E,,1.79,N,Y,TLOG,2025-07-24 15:32:47.322,,,1021060
28400705691,35,FL CHESTERS FLAMIN HOT FRIES 5,,2.99,N,Y,TLOG,2025-07-24 15:32:47.335,,,1021061
28400770057,33,FL LAYS SCO XXVL,,2.69,N,Y,TLOG,2025-07-24 15:32:47.337,,,1021061
852480007822,28,CELSIUS CHERRY LIMEADE 16Z CAN EA,,3.29,N,Y,TLOG,2025-07-24 15:32:47.345,,,1016041
28200310323,14,PHMO LM MENTHOL KS BX PK,,11.15,N,Y,TLOG,2025-07-24 15:32:47.359,,,1021062
685060084704,39,DAYNITE 4.1Z EA,,3.59,N,Y,TLOG,2025-07-24 15:32:47.363,,,1016042
611269001945,28,RED BULL SUMMER 8.4Z CAN EA,,3.09,N,Y,TLOG,2025-07-24 15:32:47.382,,,1016043
611269001624,28,RED BULL JUNEBERRY 8.4Z CAN EA,,3.09,N,Y,TLOG,2025-07-24 15:32:47.385,,,1016043
9800800056,45,FRRO NUTELLA and GO BREADSTICKS 1.8Z EA,,1.99,N,Y,TLOG,2025-07-24 15:32:47.406,,,1021064
12000221514,24,PEPSI STARRY 20Z BOTTLE EA,,2.69,N,Y,TLOG,2025-07-24 15:32:47.407,,,1021064
28400770644,35,FL DORITOS DNMTA CHL LMN XXVL,,2.69,N,Y,TLOG,2025-07-24 15:32:47.409,,,1021064
22000292780,32,EXTRA GUM PINK LEMONADE,,1.99,N,Y,TLOG,2025-07-24 15:32:47.41,,,1021064
22000007681,32,ALTOIDS ARCTIC SUGAR FREE WINT,,2.49,N,Y,TLOG,2025-07-24 15:32:47.411,,,1021064
787692838349,38,LENNY and LARRYS COMPLT CK WHT CHC MCDM,,2.79,N,Y,TLOG,2025-07-24 15:32:47.413,,,1021064
28400769105,33,FL RUFFLES QUESO XXVL,,2.69,N,Y,TLOG,2025-07-24 15:32:47.414,,,1021064
48500206560,26,TROPICANA STRW LMND 11Z,,3.29,N,Y,TLOG,2025-07-24 15:32:47.415,,,1021064
40000579779,31,M M PEANUT S UP,,6.99,N,Y,TLOG,2025-07-24 15:32:47.421,,,1021065
889392000900,28,CELSIUS SPARKLING OASIS VIBE 12Z CAN EA,,2.99,N,Y,TLOG,2025-07-24 15:32:47.425,,,1021065
889392001327,28,CELSIUS GALAXY VIBE 12Z CAN EA,,2.99,N,Y,TLOG,2025-07-24 15:32:47.428,,,1021065
73100000553,15,UTC COPENHAGEN WINTERGREEN POU,,12.44,N,Y,TLOG,2025-07-24 15:32:47.431,,,1021065
12000028496,29,STARBUCKS DOUBLESHOT VANILLA 15Z CAN EA,,4.19,N,Y,TLOG,2025-07-24 15:32:47.455,,,1016046
889392021394,28,CELSIUS SPRKLNG TRPCL VIBE 12Z CAN EA,,2.99,N,Y,TLOG,2025-07-24 15:32:47.516,,,1016049
30973325022,23,FRAZIL 20Z EA,,1.99,N,Y,TLOG,2025-07-24 15:32:47.521,,,1021066
611269002751,28,RED BULL SF SUMMER 8.4Z CAN,,3.09,N,Y,TLOG,2025-07-24 15:32:47.525,,,1021067
27541000054,27,RCI NIAGARA DRINKING WATER 0.5L BOTTL,,0.99,N,Y,TLOG,2025-07-24 15:32:47.526,,,1021067
12000192869,29,STARBUCKS NITRO COLD BREW BLACK 9.6Z CA,,4.69,N,Y,TLOG,2025-07-24 15:32:47.536,,,1021068
609249902016,15,SWDSH ZYN SPEARMINT POUCH 3MG,,5.69,N,Y,TLOG,2025-07-24 15:32:47.538,,,1021068
48500206058,26,TROPICANA ORANGE JUICE CALCIUM 11Z EA,,3.29,N,Y,TLOG,2025-07-24 15:32:47.545,,,1021069
613008756482,26,ARIZONA BEVERAGES MUCHO MANGO,,1.69,N,Y,TLOG,2025-07-24 15:32:47.546,,,1021069
17082600035,36,JACK LINKS JMBO STEAK BEEF ORG,,3.89,N,Y,TLOG,2025-07-24 15:32:47.553,,,1021071
611269546026,28,RED BULL SUGAR FREE 16Z CAN EA,,4.99,N,Y,TLOG,2025-07-24 15:32:47.557,,,1016050
609249923042,15,SWDSH ZYN MENTHOL 6MG EA,,5.69,N,Y,TLOG,2025-07-24 15:32:47.562,,,1016050
26200171302,36,CNGR SLIM JIM BEEFandCHEESE BIG,,3.99,N,Y,TLOG,2025-07-24 15:32:47.571,,,1021072
855022005294,15,HLX ON NICOTINE POUCH WINTERGR,,4.45,N,Y,TLOG,2025-07-24 15:32:47.584,,,1021073
889392000917,28,CELSIUS SPARKLING GRAPE RUSH 12Z CAN EA,,2.99,N,Y,TLOG,2025-07-24 15:32:47.592,,,1021075
889392003628,28,CELSIUS SPARKLING WATERMELON 12Z CAN EA,,2.99,N,Y,TLOG,2025-07-24 15:32:47.594,,,1021075
90500010036,14,ITG MAVERICK MENTHOL 100 BX .50 PK,,9.37,N,Y,TLOG,2025-07-24 15:32:47.609,,,1021076
91752021207,38,KITCHEN FRESH OT SPUNK MFFN CH,,3.19,N,Y,TLOG,2025-07-24 15:32:47.613,,,1021077
889392010176,28,CELSIUS SPARKLING FUJI APPLE PEAR 12Z C,,2.99,N,Y,TLOG,2025-07-24 15:32:47.614,,,1021077
24300865107,38,LITTLE DEBBIE DONUT STICKS EA,,1.99,N,Y,TLOG,2025-07-24 15:32:47.623,,,1021078
611269163452,28,RED BULL YELLOW 8.4Z CAN EA,,3.09,N,Y,TLOG,2025-07-24 15:32:47.63,,,1016053
28400259897,38,FRITO LAYS GRANDMAS OATMEAL RA,,2.09,N,Y,TLOG,2025-07-24 15:32:47.645,,,1021080
28400770088,33,FL LAYS BAKED REG XXVL,,2.69,N,Y,TLOG,2025-07-24 15:32:47.646,,,1021080
28400770583,35,FL DORITOS FLMN HT NACHO XXVL,,2.69,N,Y,TLOG,2025-07-24 15:32:47.67,,,1016054
70462007794,31,MNDLZ SOUR PATCH KIDS BLUE PEG,,3.79,N,Y,TLOG,2025-07-24 15:32:47.671,,,1016054
40000004608,31,MARS SKITTLES FRUIT KS 4Z EA,,2.99,N,Y,TLOG,2025-07-24 15:32:47.672,,,1016054
52000324860,25,GATORADE GLACIER FREEZE 20Z BOTTLE EA,,2.69,N,Y,TLOG,2025-07-24 15:32:47.675,,,1016054
12000071751,26,DOLE APPLE JUICE 100 15.2Z BOTTLE EA,,2.99,N,Y,TLOG,2025-07-24 15:32:47.676,,,1016054
811374039707,28,RCI BUCKED UP WHITE GUMMY DEER 16Z CAN,,2.99,N,Y,TLOG,2025-07-24 15:32:47.692,,,1021082
609249901033,15,SWDSH ZYN PEPPERMINT POUCH 6MG,,5.69,N,Y,TLOG,2025-07-24 15:32:47.696,,,1021082
754336026653,10,$5 CASH BOOM,,5.00,N,Y,TLOG,2025-07-24 15:32:47.729,,,1016055
90500000921,14,ITG SALEM SLIM MENTHOL 100 BX,,13.68,N,Y,TLOG,2025-07-24 15:32:47.768,,,1021085
12300327909,14,RJR CAMEL TURKISH SILVER KS BX,,13.68,N,Y,TLOG,2025-07-24 15:32:47.789,,,1021087
12000001314,24,MOUNTAIN DEW 20Z BOTTLE EA,,2.69,N,Y,TLOG,2025-07-24 15:32:47.848,,,1016056
12300000079,14,RJR CAMEL BLUE KS BX PK,,10.99,N,Y,TLOG,2025-07-24 15:32:47.853,,,1021088
786162338006,27,RCI SMART WATER 1L BOTTLE EA,,2.79,N,Y,TLOG,2025-07-24 15:32:47.87,,,1021090
611269133448,28,RED BULL ORIGINAL 20Z CAN EA,,5.99,N,Y,TLOG,2025-07-24 15:32:47.884,,,1021091
24300808913,38,LITTLE DEBBIE FUDGE ROUND EA,,1.00,N,Y,TLOG,2025-07-24 15:32:47.891,,,1021092
73390055172,32,TRIDENT VALUE PK TRPCL TWST,,1.89,N,Y,TLOG,2025-07-24 15:32:47.893,,,1021092
72799055639,31,STRCK MAMBA FRUIT CHEW 3 BRICK,,1.99,N,Y,TLOG,2025-07-24 15:32:47.894,,,1021092
10700060808,31,HRSHY HEATH ENGLISH TOFFEE BAR,,1.99,N,Y,TLOG,2025-07-24 15:32:47.896,,,1021092
12000286193,26,LIPTON PURE LIFE SWEETENED TEA 18.5Z EA,,2.99,N,Y,TLOG,2025-07-24 15:32:47.899,,,1021092
70847012474,28,RCI MONSTER ZERO ULTRA 16Z CAN EA,,3.49,N,Y,TLOG,2025-07-24 15:32:47.905,,,1021093
26100005738,14,RJR NEWPORT MENTHOL 100 BX PK,,12.29,N,Y,TLOG,2025-07-24 15:32:47.914,,,1021094
83046000135,27,RCI ICE MOUNTAIN 0.5L BOTTLE EA,,0.99,N,Y,TLOG,2025-07-24 15:32:47.915,,,1021094
38900742065,45,DOLE DOLE ORANGE MANDARIN 7Z E,,2.29,N,Y,TLOG,2025-07-24 15:32:47.949,,,1021095
38900719661,45,DOLE DOLE PEACH SLICED 7Z EA,,2.29,N,Y,TLOG,2025-07-24 15:32:47.95,,,1021095
889392001709,28,CELSIUS CHERRY COLA 12Z CAN,,2.99,N,Y,TLOG,2025-07-24 15:32:47.955,,,1021095
24300865411,38,LITTLE DEBBIE ICED HONEY BUN EA,,1.99,N,Y,TLOG,2025-07-24 15:32:47.965,,,1016057
70847037989,28,RCI MONSTER ULTRA WATERMELON 16Z CAN EA,,3.49,N,Y,TLOG,2025-07-24 15:32:47.966,,,1016057
709893001001,42,RSSDC CHEESEWICH CHS SNACK CHEDDAR SALA,,2.79,N,Y,TLOG,2025-07-24 15:32:47.974,,,1021096
44700024584,42,KRAFT LUNCHABLES HAM/CHEDDAR/C,,4.39,N,Y,TLOG,2025-07-24 15:32:47.976,,,1021096
46100007105,42,SRGNTO STIX CHD,,0.99,N,Y,TLOG,2025-07-24 15:32:47.987,,,1021096
24300841323,38,LITTLE DEBBIE STAR CRUNCH EA,,1.99,N,Y,TLOG,2025-07-24 15:32:47.99,,,1021096
44700024553,42,KRAFT LUNCHABLES TURKEY/CHEDDA,,4.39,N,Y,TLOG,2025-07-24 15:32:47.994,,,1021096
28000515751,30,NSTL NESQUIK LOWFAT MILK STRAW,,2.99,N,Y,TLOG,2025-07-24 15:32:47.996,,,1021096
34000001774,31,HRSHY KIT KAT WHITE CHOCOLATE,,2.99,N,Y,TLOG,2025-07-24 15:32:47.998,,,1021096
22000006653,32,WRIGLEY SPEARMINT SLIM PAK 15,,1.99,N,Y,TLOG,2025-07-24 15:32:48.015,,,1021096
28400769136,35,FL FRITOS HONEY BBQ TWISTS XXVL,,2.69,N,Y,TLOG,2025-07-24 15:32:48.019,,,1021096
28400769273,35,FL CHEETOS JUMBO PUFFS HOT XXVL,,2.69,N,Y,TLOG,2025-07-24 15:32:48.021,,,1021096
77900513626,39,TYSN JIMMY DEAN BISCUIT BCN/EGG/CHS 3.6,,3.49,N,Y,TLOG,2025-07-24 15:32:48.023,,,1021096
747804036018,39,KITCHEN FRESH TUNA MAC EA,,6.49,N,Y,TLOG,2025-07-24 15:32:48.025,,,1021096
25900207465,16,SWISHER SWEETS CIGARILLOS 2PK,,2.29,N,Y,TLOG,2025-07-24 15:32:48.033,,,1021097
47995855239,14,SNTFE AMERICAN SPIRIT ORANGE K,,13.03,N,Y,TLOG,2025-07-24 15:32:48.04,,,1016058
52000057980,25,GATORADE LIGHTNING BLAST 28Z,,3.59,N,Y,TLOG,2025-07-24 15:32:48.051,,,1016059
12300200608,14,RJR CAMEL BLUE 99 BX PK,,10.99,N,Y,TLOG,2025-07-24 15:32:48.057,,,1016060
611269101713,28,RED BULL SUGAR FREE 8.4Z CAN EA,,3.09,N,Y,TLOG,2025-07-24 15:32:48.065,,,1016061
44700006740,42,KRAFT LUNCHABLES TURKEY/AMERIC,,4.79,N,Y,TLOG,2025-07-24 15:32:48.072,,,1021098
28400769099,33,FL RUFFLES FLAMIN HOT XXVL,,2.69,N,Y,TLOG,2025-07-24 15:32:48.073,,,1021098
25000000249,26,SIMPLY JUICE ORANGE PULP FREE,,2.59,N,Y,TLOG,2025-07-24 15:32:48.076,,,1021098
611269991000,28,RED BULL ORIGINAL 8.4Z CAN EA,,3.09,N,Y,TLOG,2025-07-24 15:32:48.078,,,1021098
40000004325,31,MARS MandM PEANUT SHAR,,2.99,N,Y,TLOG,2025-07-24 15:32:48.089,,,1021099
49000024685,24,RCI COKE 16.9Z BOTTLE EA,,1.99,N,Y,TLOG,2025-07-24 15:32:48.091,,,1021099
855022005324,15,HLX ON NICOTINE POUCH CITRUS 8,,4.45,N,Y,TLOG,2025-07-24 15:32:48.164,,,1016063
49000024708,24,RCI SPRITE 16.9Z BOTTLE EA,,1.99,N,Y,TLOG,2025-07-24 15:32:48.169,,,1021101
78000013696,24,CRUSH STRAWBERRY 20Z BOTTLE EA,,2.69,N,Y,TLOG,2025-07-24 15:32:48.17,,,1021101
747804011404,39,KITCHEN FRESH GOURMET CHICKEN BACON RAN,,6.79,N,Y,TLOG,2025-07-24 15:32:48.201,,,1016065
34000214624,35,HRSHY HERSHEY PRETZELS CKES N,,3.49,N,Y,TLOG,2025-07-24 15:32:48.203,,,1016065
70847891857,28,RCI MONSTER ULTRA STRAWBERRY DREAMS 16Z,,3.49,N,Y,TLOG,2025-07-24 15:32:48.212,,,1021102
9800820023,38,NUTELLA BRDY CRSP WFR,,1.89,N,Y,TLOG,2025-07-24 15:32:48.215,,,1021102
29000022096,34,HRML PLANTERS PEANUTS DRY ROAS,,0.69,N,Y,TLOG,2025-07-24 15:32:48.221,,,1021103
12000001291,24,PEPSI 20Z BOTTLE EA,,2.69,N,Y,TLOG,2025-07-24 15:32:48.228,,,1021103
191088114007,9,$9 REGULAR CAR WASH NEW,,9.00,N,Y,TLOG,2025-07-24 15:32:48.238,,,1021104
27200008544,14,RJR PALL MALL BLUE KS BX PK,,10.24,N,Y,TLOG,2025-07-24 15:32:48.245,,,1016066
38000138430,33,KLG PRINGLES SOUR CREAM and ONIO,,3.79,N,Y,TLOG,2025-07-24 15:32:48.254,,,1021105
49000079371,25,RCI POWERADE LMN LM 28Z BOTTLE,,2.79,N,Y,TLOG,2025-07-24 15:32:48.255,,,1021105
613008756451,26,ARIZONA BEVERAGES WATERMELON 2,,1.69,N,Y,TLOG,2025-07-24 15:32:48.263,,,1021106
71421842319,39,TYSN BIG AZ CHEESEBURGER JALAPENO 9.7Z,,4.49,N,Y,TLOG,2025-07-24 15:32:48.266,,,1021106
12000504044,27,AQUAFINA WATER 16.9Z BOTTLES 24PK EA,,8.99,N,Y,TLOG,2025-07-24 15:32:48.268,,,1021106
27219040207,48,RCI ROCK SALT 20LB EA,,6.49,N,Y,TLOG,2025-07-24 15:32:48.282,,,1021107
611269716467,28,RED BULL SUGAR FREE 12Z CAN EA,,3.89,N,Y,TLOG,2025-07-24 15:32:48.307,,,1021110
754336026929,10,$2 HIT 50,,2.00,N,Y,TLOG,2025-07-24 15:32:48.319,,,1021112
90500000907,14,ITG SALEM MENTHOL KS BX PK,,13.68,N,Y,TLOG,2025-07-24 15:32:48.345,,,1021114
747804011657,39,KITCHEN FRESH GOURMET CHICKEN SALAD CRA,,6.79,N,Y,TLOG,2025-07-24 15:32:48.354,,,1021115
52000050585,25,PROPEL BERRY 1L BOTTLE EA,,2.99,N,Y,TLOG,2025-07-24 15:32:48.356,,,1021115
12000110467,28,MOUNTAIN DEW KICKSTART FRUIT PUNCH 16Z,,2.79,N,Y,TLOG,2025-07-24 15:32:48.381,,,1021117
12000110443,28,MOUNTAIN DEW KICKSTART ORANGE CITRUS 16,,2.79,N,Y,TLOG,2025-07-24 15:32:48.386,,,1021117
28400596695,35,FRITO LAYS CHEETOS FLAMIN HOT,,5.89,N,Y,TLOG,2025-07-24 15:32:48.391,,,1021117
754336026103,10,$20 GOLD RUSH EA,,20.00,N,Y,TLOG,2025-07-24 15:32:48.418,,,1021120
24300835209,38,LD CHOC DONUTS,,1.99,N,Y,TLOG,2025-07-24 15:32:48.426,,,1021121
611269321210,28,RED BULL COCONUT BERRY 12Z CAN EA,,3.89,N,Y,TLOG,2025-07-24 15:32:48.429,,,1021121
611269002263,28,RED BULL SF SEA BLUE 12Z CAN,,3.89,N,Y,TLOG,2025-07-24 15:32:48.436,,,1021122
888849000012,37,QUEST PROTEIN BAR CHOC CKIE DO,,3.19,N,Y,TLOG,2025-07-24 15:32:48.439,,,1021122
22000019882,31,STARBURST ALL PINK,,1.99,N,Y,TLOG,2025-07-24 15:32:48.448,,,1021123
90500000549,14,ITG MAVERICK MENTHOL KS BX PK,,9.87,N,Y,TLOG,2025-07-24 15:32:48.463,,,1021124
71159073115,35,HRML CORNNUTS RANCH 4Z EA,,1.99,N,Y,TLOG,2025-07-24 15:32:48.473,,,1021125
52000135145,25,GATORADE ORANGE 28Z BOTTLE EA,,3.59,N,Y,TLOG,2025-07-24 15:32:48.495,,,1021126
52000135138,25,GATORADE FRUIT PUNCH 28Z BOTTLE EA,,3.59,N,Y,TLOG,2025-07-24 15:32:48.499,,,1021126
52000135169,25,GATORADE FIERCE GRAPE 28Z BOTTLE EA,,3.59,N,Y,TLOG,2025-07-24 15:32:48.501,,,1021126
747804018205,39,KITCHEN FRESH COLD CUT SUB EA,,6.79,N,Y,TLOG,2025-07-24 15:32:48.504,,,1021126
611269182460,28,RED BULL BLUEBERRY 12Z CAN EA,,3.89,N,Y,TLOG,2025-07-24 15:32:48.506,,,1021126
28400769112,33,FL RUFFLES FLMN HT CS XXVL,,2.69,N,Y,TLOG,2025-07-24 15:32:48.529,,,1021129
28400769075,33,FL RUFFLES CHDR SR CRM XXVL,,2.69,N,Y,TLOG,2025-07-24 15:32:48.53,,,1021129
883990661006,26,G2G GOOD 2 GROW KID DRINK APPL,,3.99,N,Y,TLOG,2025-07-24 15:32:48.532,,,1021129
754336026523,10,$3 YAHTZEE,,3.00,N,Y,TLOG,2025-07-24 15:32:48.574,,,1021131
34000008117,32,ICE BREAKERS CINNAMON CUBES 40,,4.49,N,Y,TLOG,2025-07-24 15:32:48.581,,,1021134
98100100409,29,STARBUCKS TRIPLE SHOT ENERGY MOCHA 11Z,,4.19,N,Y,TLOG,2025-07-24 15:32:48.596,,,1021137
26100006612,14,RJR NEWPORT NON MENTHOL GOLD 100S,,11.32,N,Y,TLOG,2025-07-24 15:32:48.61,,,1021139
754336026806,10,$20 LUCKY 100 OR 200S,,20.00,N,Y,TLOG,2025-07-24 15:32:48.613,,,1021139
609249902023,15,SWDSH ZYN SPEARMINT POUCH 6MG,,5.69,N,Y,TLOG,2025-07-24 15:32:48.625,,,1021140
28000772123,30,NSTL NESQUIK LOWFAT MILK CHOCOLATE 14Z,,2.99,N,Y,TLOG,2025-07-24 15:32:48.631,,,1021141
52000135282,25,GATORADE FIERCE STRAWBERRY 28Z BOTTLE E,,3.59,N,Y,TLOG,2025-07-24 15:32:48.647,,,1021143
12000002946,24,PEPSI 1L BOTTLE EA,,3.09,N,Y,TLOG,2025-07-24 15:32:48.657,,,1021144
72730291058,26,PF ORANGE DRINK GL EA,,4.49,N,Y,TLOG,2025-07-24 15:32:48.66,,,1021144
609249906021,15,SWDSH ZYN CINNAMON POUCH 6MG E,,5.69,N,Y,TLOG,2025-07-24 15:32:48.688,,,1021148
719410740016,47,LVNG 5HR ENERGY XTRA STRNG STR,,3.99,N,Y,TLOG,2025-07-24 15:32:48.715,,,1021149
889392010015,28,CELSIUS PEACH MANGO GREEN TEA 12Z CAN E,,2.99,N,Y,TLOG,2025-07-24 15:32:48.792,,,1021151
855022005300,15,HLX ON NICOTINE POUCH MINT 8MG,,4.45,N,Y,TLOG,2025-07-24 15:32:48.795,,,1021151
28200003843,14,PHMO MARLBORO GOLD KS BX PK,,12.40,N,Y,TLOG,2025-07-24 15:32:48.83,,,1021153
52000135152,25,GATORADE LEMON LIME 28Z BOTTLE EA,,3.59,N,Y,TLOG,2025-07-24 15:32:48.884,,,1021154
12000001574,27,AQUAFINA WATER 1L BOTTLE EA,,2.59,N,Y,TLOG,2025-07-24 15:32:48.893,,,1021154
52000060959,27,GATORADE WATER 20Z BOTTLE,,2.49,N,Y,TLOG,2025-07-24 15:32:48.917,,,1021156
52000135190,25,GATORADE FROST GLACIER FREEZE 28ZZ BOTT,,3.59,N,Y,TLOG,2025-07-24 15:32:48.935,,,1021159
38000845260,33,KLG PRINGLES CHEDDAR CHS 2.5Z,,2.09,N,Y,TLOG,2025-07-24 15:32:48.95,,,1021160
24100203628,35,KLG CHEEZ IT CHEDDAR JACK 3Z E,,2.29,N,Y,TLOG,2025-07-24 15:32:48.965,,,1021162
40000586104,31,MandM CRML COLD BREW KS EA,,2.99,N,Y,TLOG,2025-07-24 15:32:48.966,,,1021162
78000083408,24,DIET DR PEPPER 20Z BOTTLE EA,,2.29,N,Y,TLOG,2025-07-24 15:32:48.968,,,1021162
818094005791,28,ROCKSTAR RECOVERY ORANGE 16Z CAN EA,,2.99,N,Y,TLOG,2025-07-24 15:32:48.984,,,1021163
90500000594,14,ITG WINSTON GOLD KS BX PK,,10.86,N,Y,TLOG,2025-07-24 15:32:49.002,,,1021165
90500000860,14,ITG KOOL BLUE KS BX PK,,12.10,N,Y,TLOG,2025-07-24 15:32:49.006,,,1021165
98000100127,26,PEPSI BRISK BLUEBERRY 1L,,2.19,N,Y,TLOG,2025-07-24 15:32:49.027,,,1021167
12000384196,26,PEPSI LIPTON BRISK PINK LEMONA,,2.19,N,Y,TLOG,2025-07-24 15:32:49.03,,,1021167
72554110931,44,VANILLA SAND 24EA,,2.19,N,Y,TLOG,2025-07-24 15:32:49.033,,,1021167
24300865923,38,LITTLE DEBBIE CHOCOLATE CHIP CREME PIE,,1.00,N,Y,TLOG,2025-07-24 15:32:49.035,,,1021167
79200060671,31,NERDS GUMMY CLUSTER VERY BERRY PEG 5Z E,,3.79,N,Y,TLOG,2025-07-24 15:32:49.067,,,1021169
26100005752,14,RJR NEWPORT MENTHOL KS BX PK,,12.29,N,Y,TLOG,2025-07-24 15:32:49.07,,,1021169
43300109172,14,RJR LUCKY STRIKE RED KS BX PK,,8.83,N,Y,TLOG,2025-07-24 15:32:49.108,,,1021172
43300108991,14,RJR LUCKY STRIKE GOLD KS BX PK,,8.83,N,Y,TLOG,2025-07-24 15:32:49.116,,,1021173
12000151095,29,STARBUCKS FRAPPUCCINO WHT CHC MCHA 13.7,,4.19,N,Y,TLOG,2025-07-24 15:32:49.122,,,1021174
28400005753,35,FRITO LAY MUNCHIES CRACKERS NACHO CHEES,,1.09,N,Y,TLOG,2025-07-24 15:32:49.164,,,1021180
191088113710,40,BRAT EACH,,1.99,N,Y,TLOG,2025-07-24 15:32:49.167,,,1021180
52000052701,25,PROPEL ENERGY BURST 20Z,,2.69,N,Y,TLOG,2025-07-24 15:32:49.177,,,1021182
611269001921,28,RED BULL SUMMER 12Z CAN EA,,3.89,N,Y,TLOG,2025-07-24 15:32:49.195,,,1021183
611269002706,28,RED BULL SUMMER WP 12Z CAN EA,,3.89,N,Y,TLOG,2025-07-24 15:32:49.198,,,1021183
28200004789,14,PHMO MARLBORO SILVER 100 BX PK,,12.40,N,Y,TLOG,2025-07-24 15:32:49.21,,,1021185
90478410036,24,RCI JARRITOS FRUIT PUNCH 12.5Z GLASS,,2.19,N,Y,TLOG,2025-07-24 15:32:49.232,,,1021186
34000245246,31,HRSHY KIT KAT BIG KAT BAR 1.5Z EA,,1.99,N,Y,TLOG,2025-07-24 15:32:49.239,,,1021186
849205019345,17,RJR VUSE ALTO GOLD TOBACCO POD,,16.49,N,Y,TLOG,2025-07-24 15:32:49.242,,,1021186
28400763905,35,FL FUNYUNS SR CRM XXVL,,2.69,N,Y,TLOG,2025-07-24 15:32:49.262,,,1021187
34000002412,31,HERSHEYS ALMOND BAR 1.45Z EA,,1.99,N,Y,TLOG,2025-07-24 15:32:49.263,,,1021187
28400770682,35,FL DORITOS BLZN BFFLO RNCH XXVL,,2.69,N,Y,TLOG,2025-07-24 15:32:49.272,,,1021189
34000052455,31,CADBURY FRUIT AND NUT KS EA,,2.99,N,Y,TLOG,2025-07-24 15:32:49.291,,,1021190
52000135176,25,GATORADE COOL BLUE 28Z BOTTLE EA,,3.59,N,Y,TLOG,2025-07-24 15:32:49.295,,,1021191
840530116457,51,RCI PRIME GUARD POWER STEERING FLU,,4.29,N,Y,TLOG,2025-07-24 15:32:49.311,,,1021193
22000073815,31,MARS LIFESAVERS GUMMIES EXOTIC,,3.99,N,Y,TLOG,2025-07-24 15:32:49.316,,,1021194
27800073560,38,KEEBLER VANILLA WAFERS 4.4Z EA,,2.49,N,Y,TLOG,2025-07-24 15:32:49.321,,,1021195
16000166998,35,GM GARDETTOS PIZZERIA RECIPE 5,,4.49,N,Y,TLOG,2025-07-24 15:32:49.322,,,1021195
29000010062,34,HRML PLANTERS TRAIL MIX SWEET,,3.99,N,Y,TLOG,2025-07-24 15:32:49.323,,,1021195
51000146533,26,CMPBL V8 SPLASH JUICE BERRY BLEND 16Z E,,2.39,N,Y,TLOG,2025-07-24 15:32:49.334,,,1021196
70137213727,16,BLKNMLD FLT TP SWEETS,,4.99,N,Y,TLOG,2025-07-24 15:32:49.342,,,1021197
28400769266,35,FL CHEETOS JUMBO PUFF XXVL,,2.69,N,Y,TLOG,2025-07-24 15:32:49.347,,,1021198
38900719241,45,DOLE DOLE MIXED FRUIT 7Z EA,,2.29,N,Y,TLOG,2025-07-24 15:32:49.352,,,1021199
49000006346,24,RCI COKE 12Z CAN EA,,1.09,N,Y,TLOG,2025-07-24 15:32:49.354,,,1021199
888849005994,37,QUEST CHOCOLATE CHIP COOKIE 2.08Z EA,,2.99,N,Y,TLOG,2025-07-24 15:32:49.358,,,1021200
857777004683,37,INSRGNT RXBAR PROTEIN CHOCOLAT,,2.59,N,Y,TLOG,2025-07-24 15:32:49.359,,,1021200
12000286209,26,PEPSI LIPTON PURE LEAF UNSWEETENED 18.5,,2.99,N,Y,TLOG,2025-07-24 15:32:49.361,,,1021200
71924149755,51,RCI MOBIL 1 5W20 QT EA,,14.99,N,Y,TLOG,2025-07-24 15:32:49.368,,,1021201
83046000043,27,RCI ICE MOUNTAIN 1GL BOTTLE EA,,2.99,N,Y,TLOG,2025-07-24 15:32:49.403,,,1021203
70847811169,28,RCI MONSTER ORIGINAL 16Z CAN EA,,3.49,N,Y,TLOG,2025-07-24 15:32:49.406,,,1021203
754336026936,10,$5 HIT 200,,5.00,N,Y,TLOG,2025-07-24 15:32:49.411,,,1021204
815154020008,28,RCI NOS ORIGINAL 16Z CAN EA,,2.99,N,Y,TLOG,2025-07-24 15:32:49.42,,,1021205
12000220920,28,ROCKSTAR PUNCHED STRAWBERRY PEACH 16Z C,,2.99,N,Y,TLOG,2025-07-24 15:32:49.424,,,1021205
52000042320,25,GATORADE ZERO ORANGE 28Z BOTTLE EA,,3.59,N,Y,TLOG,2025-07-24 15:32:49.435,,,1021206
28400766982,35,FL DORITOS TNGY GLDN SRCHA XXVL,,2.69,N,Y,TLOG,2025-07-24 15:32:49.441,,,1021206
30973325008,23,FRAZIL 12Z EA,,1.59,N,Y,TLOG,2025-07-24 15:32:49.443,,,1021206
28400712989,36,JACK LINKS STICKS FLAMIN HOT ORIGINAL 0,,1.79,N,Y,TLOG,2025-07-24 15:32:49.452,,,1021207
35751111064,38,BON APPETIT DANISH APPLE 5Z EA,,3.19,N,Y,TLOG,2025-07-24 15:32:49.459,,,1021208
28400770101,33,FL LAYS WAVY FUNYUNS XXVL,,2.69,N,Y,TLOG,2025-07-24 15:32:49.466,,,1021209
17082000392,36,JACK LINKS ALL AMRCN BF CHS TW,,1.99,N,Y,TLOG,2025-07-24 15:32:49.467,,,1021209
754336026844,10,$10 CROSSWORD ADVENTURE,,10.00,N,Y,TLOG,2025-07-24 15:32:49.472,,,1021210
28400768917,35,FL CHEETOS CRUNCHY XXVL,,2.69,N,Y,TLOG,2025-07-24 15:32:49.478,,,1021211
191088113048,22,ARC FOUNTAIN SODA 16Z EA,,1.29,N,Y,TLOG,2025-07-24 15:32:49.48,,,1021211
22000014641,31,MARS LIFESAVERS GUMMIES OG KS EA,,2.99,N,Y,TLOG,2025-07-24 15:32:49.489,,,1021213
34000002030,31,HRSHY REESES STICKS WAFERS KS,,2.99,N,Y,TLOG,2025-07-24 15:32:49.491,,,1021213
191088113062,22,ARC FOUNTAIN SODA 44Z EA,,1.99,N,Y,TLOG,2025-07-24 15:32:49.492,,,1021213
24300835612,38,LITTLE DEBBIE OATMEAL CREME PIE PP EA,,1.00,N,Y,TLOG,2025-07-24 15:32:49.5,,,1021214
889392001341,28,CELSIUS ASTRO VIBE 12Z CAN EA,,2.99,N,Y,TLOG,2025-07-24 15:32:49.532,,,1021219
747804010490,39,KITCHEN FRESH GOURMET ITALIAN SUB EA,,7.49,N,Y,TLOG,2025-07-24 15:32:49.537,,,1021220
49508007319,35,SNCK SNACK FACTORY PRTZL CRSP,,2.19,N,Y,TLOG,2025-07-24 15:32:49.556,,,1021222
31700049495,16,WHITE OWL CGRLOS WHITE GRAPE 2,,2.29,N,Y,TLOG,2025-07-24 15:32:49.557,,,1021222
31700049952,16,WHITE OWL CGRLOS PINEAPPLE 2CT EA,,2.29,N,Y,TLOG,2025-07-24 15:32:49.559,,,1021222
12000038488,29,STARBUCKS DOUBLE SHOT WHT CHOC 15Z CAN,,4.19,N,Y,TLOG,2025-07-24 15:32:49.566,,,1021223
22000283818,32,WRG ORBT PPR ECH,,3.49,N,Y,TLOG,2025-07-24 15:32:49.567,,,1021223
41548000022,44,NESTLE OREO MINT 14Z EA,,3.29,N,Y,TLOG,2025-07-24 15:32:49.578,,,1021224
36632079794,29,ID ICED COFFEE REESES 15Z CAN EA,,3.99,N,Y,TLOG,2025-07-24 15:32:49.58,,,1021224
20709002532,31,FRRA TROLLI PEACHIE OS 4.25Z E,,2.99,N,Y,TLOG,2025-07-24 15:32:49.584,,,1021224
40000508861,31,MARS MandM CARAMEL KS EA,,2.99,N,Y,TLOG,2025-07-24 15:32:49.586,,,1021224
34000953424,31,REESE PBandCHOC LAVA KS,,2.99,N,Y,TLOG,2025-07-24 15:32:49.587,,,1021224
24300865664,38,LITTLE DEBBIE NUTTY BARS EA,,1.99,N,Y,TLOG,2025-07-24 15:32:49.588,,,1021224
613008767372,26,ARIZONA BEVERAGES TROPSICLE 22Z EA,,1.69,N,Y,TLOG,2025-07-24 15:32:49.589,,,1021224
49000006582,24,RCI DIET COKE 12Z CAN EA,,1.09,N,Y,TLOG,2025-07-24 15:32:49.597,,,1021226
26100006575,14,RJR NEWPORT NON MENTHOL 100 BX,,11.32,N,Y,TLOG,2025-07-24 15:32:49.625,,,1021230
43300187170,14,RJR LUCKY STRIKE MENTHOL 100 BX PK,,8.83,N,Y,TLOG,2025-07-24 15:32:49.627,,,1021230
191088113703,40,HOT DOG EACH,,1.99,N,Y,TLOG,2025-07-24 15:32:49.632,,,1021231
10700804273,31,HRSHY ZERO BAR KING SIZE 3Z EA,,2.99,N,Y,TLOG,2025-07-24 15:32:49.64,,,1021233
28000276393,30,PRTINCHO EACH,,3.49,N,Y,TLOG,2025-07-24 15:32:49.654,,,1021234
14113910132,34,WNDRFL WONDERFUL PISTACHIOS RO,,4.49,N,Y,TLOG,2025-07-24 15:32:49.682,,,1021238
44000037444,38,MNDLZ NABISCO FIG NEWTONS 2Z E,,0.99,N,Y,TLOG,2025-07-24 15:32:49.695,,,1021239
72554001604,44,DRUM VANILLA RND 24EA,,2.59,N,Y,TLOG,2025-07-24 15:32:49.7,,,1021240
611269332827,28,RED BULL WATERMELON 12Z CAN EA,,3.89,N,Y,TLOG,2025-07-24 15:32:49.711,,,1021241
26100805727,59,RJR NEWPORT MENTHOL GOLD 100 B,,129.87,N,Y,TLOG,2025-07-24 15:32:49.778,,,1021244
22000019233,31,MARS LIFESAVERS GUMMIES NEONS,,3.99,N,Y,TLOG,2025-07-24 15:32:49.824,,,1021246
71610496125,16,DUTCH MASTERS CGRL HONEY FUSION 2PK EA,,2.19,N,Y,TLOG,2025-07-24 15:32:49.837,,,1021248
98000100882,26,PEPSI LIPTON FSN STRW LMN 16Z CAN,,1.59,N,Y,TLOG,2025-07-24 15:32:49.845,,,1021249
12000002304,24,PEPSI 2L BOTTLE EA,,3.69,N,Y,TLOG,2025-07-24 15:32:49.863,,,1021251
40000504054,31,MARS MILKY WAY MIDNIGHT SHARIN,,2.99,N,Y,TLOG,2025-07-24 15:32:49.903,,,1021253
810028295988,28,RCI GHOST SOUR PATCH BLUE RASPBERRY 16Z,,3.49,N,Y,TLOG,2025-07-24 15:32:49.911,,,1021254
99900694235,31,FRRO 100 GRAND STANDARD BAR 1.,,1.99,N,Y,TLOG,2025-07-24 15:32:49.919,,,1021255
73390055158,32,TRIDENT VALUE PK SPRMNT,,1.89,N,Y,TLOG,2025-07-24 15:32:49.926,,,1021256
98000100356,26,LIPTON PLF ZS SWT TEA 18.5Z BOTTL,,2.99,N,Y,TLOG,2025-07-24 15:32:49.928,,,1021256
70137100188,16,BLACK AND MILD CIGARS PT 25S E,,1.99,N,Y,TLOG,2025-07-24 15:32:49.93,,,1021256
12000000133,24,PEPSI 12Z CAN EA,,1.49,N,Y,TLOG,2025-07-24 15:32:49.963,,,1021260
52000054897,27,GATORADE WATER 1L BOTTLE EA,,2.99,N,Y,TLOG,2025-07-24 15:32:49.97,,,1021261
889392001549,28,CELSIUS SPARKLING KIWI STRAWBERRY 12Z C,,2.99,N,Y,TLOG,2025-07-24 15:32:49.972,,,1021261
24300805097,38,LITTLE DEBBIE BANANA MARSHMALLOW PIE EA,,1.00,N,Y,TLOG,2025-07-24 15:32:50.041,,,1021265
28400770590,35,FL DORITOS NACHO XXVL,,2.69,N,Y,TLOG,2025-07-24 15:32:50.055,,,1021267
28400064088,33,FL TOSTITOS SCOOPS 8Z EA,,5.99,N,Y,TLOG,2025-07-24 15:32:50.056,,,1021267
38000138577,33,KLG PRINGLES CHEDDAR CHEESE 5.,,3.79,N,Y,TLOG,2025-07-24 15:32:50.058,,,1021267
34000002436,31,HRSHY MR GOODBAR ORIGINAL BAR,,1.99,N,Y,TLOG,2025-07-24 15:32:50.059,,,1021267
45243019402,24,RCI SPRECHER ROOT BEER 16Z CAN EA,,2.29,N,Y,TLOG,2025-07-24 15:32:50.065,,,1021268
47995855253,14,SNTFE AMERICAN SPIRIT ORG GOLD,,13.60,N,Y,TLOG,2025-07-24 15:32:50.067,,,1021268
28400705684,33,FL MUNCHOS,,2.99,N,Y,TLOG,2025-07-24 15:32:50.073,,,1021269
34000005246,31,HRSHY CADBURY CARAMELO BAR KS,,2.99,N,Y,TLOG,2025-07-24 15:32:50.078,,,1021269
49000042566,24,RCI COKE ZERO 12Z CAN EA,,1.09,N,Y,TLOG,2025-07-24 15:32:50.08,,,1021269
12000030284,24,PEPSI 16Z CAN EA,,2.29,N,Y,TLOG,2025-07-24 15:32:50.109,,,1021273
24300865954,38,LD ZEBRA CAKE,,1.99,N,Y,TLOG,2025-07-24 15:32:50.111,,,1021273
41333215013,48,DURACELL BATTERY COPPERTOP AA,,4.99,N,Y,TLOG,2025-07-24 15:32:50.113,,,1021273
26200471594,35,CNGR ANDY CAPPS HOT FRENCH FRI,,1.79,N,Y,TLOG,2025-07-24 15:32:50.123,,,1021274
38000590955,38,KLG RICE KRISPIES TREATS BIG B,,1.79,N,Y,TLOG,2025-07-24 15:32:50.124,,,1021274
10700858559,31,HRSHY PAYDAY CHOCOLATE PEANUT,,2.99,N,Y,TLOG,2025-07-24 15:32:50.126,,,1021274
10700807274,31,HRSHY PAYDAY PEANUT CARAMEL KS,,2.99,N,Y,TLOG,2025-07-24 15:32:50.129,,,1021274
810128520065,28,RCI GHOST SOUR PINK LEMONADE 16Z CAN EA,,3.49,N,Y,TLOG,2025-07-24 15:32:50.134,,,1021274
24300044823,38,LITTLE DEBBIE STRAWBERRY MINI DONUT 9.6,,2.59,N,Y,TLOG,2025-07-24 15:32:50.138,,,1021274
12000190889,24,BUBLY LIME 16Z CAN EA,,2.29,N,Y,TLOG,2025-07-24 15:32:50.159,,,1021276
52000707793,25,PROPEL GRAPE 20Z BOTTLE EA,,2.69,N,Y,TLOG,2025-07-24 15:32:50.168,,,1021277
24300835261,38,LITTLE DEBBIE GLAZED MINI DONUTS EA,,1.99,N,Y,TLOG,2025-07-24 15:32:50.17,,,1021277
191088113086,22,ARC ICED COFFEE 16Z EA,,2.29,N,Y,TLOG,2025-07-24 15:32:50.172,,,1021277
609249903020,15,SWDSH ZYN WINTERGREEN POUCH 6M,,5.69,N,Y,TLOG,2025-07-24 15:32:50.188,,,1021279
12000043000,28,MOUNTAIN DEW KS BLCK CHRY 16Z CAN,,2.79,N,Y,TLOG,2025-07-24 15:32:50.194,,,1021280
12300000949,14,RJR CAMEL CRUSH MENTHOL SILVER,,11.79,N,Y,TLOG,2025-07-24 15:32:50.213,,,1021282
36632075017,29,ID ICED COFFEE OREO 15Z CAN EA,,3.99,N,Y,TLOG,2025-07-24 15:32:50.228,,,1021283
28400259552,38,FRITO LAYS GRANDMAS PEANUT BUT,,2.09,N,Y,TLOG,2025-07-24 15:32:50.23,,,1021283
86434617007,48,SUNGLASS 12.99 UNISEX IGOG,,12.99,N,Y,TLOG,2025-07-24 15:32:50.269,,,1021285
754336026912,10,$1 HIT 25,,1.00,N,Y,TLOG,2025-07-24 15:32:50.306,,,1021287
71421014754,39,TYSN BIG AZ CHEESEBURGER ANGUS CHEDDAR,,4.49,N,Y,TLOG,2025-07-24 15:32:50.317,,,1021288
28400769709,33,FL LAYS BBQ XXVL,,2.69,N,Y,TLOG,2025-07-24 15:32:50.333,,,1021289
747804015013,39,KITCHEN FRESH JMBO HAM CHEESE,,5.69,N,Y,TLOG,2025-07-24 15:32:50.335,,,1021289
754336026516,10,$3 CROSSWORD BUCKS EA,,3.00,N,Y,TLOG,2025-07-24 15:32:50.349,,,1021291
754336026400,10,$3 CLASSIC BINGO EA,,3.00,N,Y,TLOG,2025-07-24 15:32:50.351,,,1021291
754336024000,10,$2 CROSSWORD,,2.00,N,Y,TLOG,2025-07-24 15:32:50.353,,,1021291
12000240607,28,ROCKSTAR PNCHD PNPL 16Z CAN,,2.99,N,Y,TLOG,2025-07-24 15:32:50.372,,,1021292
90500000389,14,ITG MAVERICK 100 BX PK,,9.87,N,Y,TLOG,2025-07-24 15:32:50.374,,,1021292
28400769181,35,FL FRITOS REGULAR XXVL,,2.69,N,Y,TLOG,2025-07-24 15:32:50.384,,,1021293
28400768689,33,FL LB KRN STYL FRIED CHIX,,2.69,N,Y,TLOG,2025-07-24 15:32:50.438,,,1021298
28200004017,14,PHMO MARLBORO MENTHOL GOLD KS,,12.76,N,Y,TLOG,2025-07-24 15:32:50.462,,,1021300
876063002813,25,MUSCLE MILK PRO VANILLA 14Z BOTTLE EA,,5.19,N,Y,TLOG,2025-07-24 15:32:50.483,,,1021304
38000590993,38,KLG RICE KRISPIES TREATS BIG B,,1.79,N,Y,TLOG,2025-07-24 15:32:50.526,,,1021306
24300781087,38,LITTLE DEBBIE HONEY OAT GRANOLA BAR EA,,0.75,N,Y,TLOG,2025-07-24 15:32:50.528,,,1021306
25000000188,26,SIMPLY DRINK RASPBERRY LEMONADE 11.5Z E,,2.59,N,Y,TLOG,2025-07-24 15:32:50.53,,,1021306
25000000300,26,SIMPLY JCE CRNBRY CCKTL 11.5Z EA,,2.59,N,Y,TLOG,2025-07-24 15:32:50.532,,,1021306
44000006792,38,MNDLZ NABISCO COOKIE CHIPS AHO,,2.49,N,Y,TLOG,2025-07-24 15:32:50.577,,,1021311
29000074361,34,HRML PLANTERS CASHEW SALTED 3Z,,2.99,N,Y,TLOG,2025-07-24 15:32:50.578,,,1021311
28400768269,35,FL SF WHT CHDR PPCRN XXVL,,2.69,N,Y,TLOG,2025-07-24 15:32:50.628,,,1021314
191088114014,9,$12 SILVER CAR WASH NEW,,12.00,N,Y,TLOG,2025-07-24 15:32:50.644,,,1021315
83046000111,27,RCI ICE MOUNTAIN 1L BOTTLE EA,,1.99,N,Y,TLOG,2025-07-24 15:32:50.654,,,1021316
24300841941,38,LITTLE DEBBIE STICKY BUNN CINNAMON EA,,1.50,N,Y,TLOG,2025-07-24 15:32:50.66,,,1021317
12000064500,24,PEPSI DOLE STRAWBERRY LEMONADE 20Z BOTT,,2.69,N,Y,TLOG,2025-07-24 15:32:50.661,,,1021317
24300867613,38,LITTLE DEBBIE DOUBLE DECKER OATMEAL CRE,,1.99,N,Y,TLOG,2025-07-24 15:32:50.663,,,1021317
22000292940,31,SKITTLES LTTLMEGATUB,,2.99,N,Y,TLOG,2025-07-24 15:32:50.693,,,1021321
90478410043,24,RCI JARRITOS PINEAPPLE 12.5Z GLASS BOTT,,2.19,N,Y,TLOG,2025-07-24 15:32:50.7,,,1021322
49000024692,24,RCI DIET COKE 16.9Z BOTTLE EA,,1.99,N,Y,TLOG,2025-07-24 15:32:50.703,,,1021322
30973325053,23,FRAZIL 32Z EA,,2.99,N,Y,TLOG,2025-07-24 15:32:50.705,,,1021322
26100005769,14,RJR NEWPORT MENTHOL GOLD KS BX,,12.99,N,Y,TLOG,2025-07-24 15:32:50.707,,,1021322
52000324815,25,GATORADE COOL BLUE 20Z BOTTLE EA,,2.69,N,Y,TLOG,2025-07-24 15:32:50.726,,,1021325
34000252183,31,REESE BIG CUP CARAMEL KS EA,,2.99,N,Y,TLOG,2025-07-24 15:32:50.789,,,1021326
45243019457,24,RCI SPRECHER ORANGE DREAM 16Z CAN EA,,2.29,N,Y,TLOG,2025-07-24 15:32:50.795,,,1021326
45243019426,24,RCI SPRECHER CREAM SODA CAN 16Z EA,,2.29,N,Y,TLOG,2025-07-24 15:32:50.801,,,1021326
78000014099,54,UPC NOT FOUND,,1.09,N,Y,TLOG,2025-07-24 15:32:50.84,,,1021328
24300837340,38,LITTLE DEBBIE STRAWBERRY SHORTCAKE ROLL,,1.00,N,Y,TLOG,2025-07-24 15:32:50.841,,,1021328
694161222083,35,COCO G CARAMEL CHEDDAR POPCORN 4Z EA,,3.29,N,Y,TLOG,2025-07-24 15:32:50.846,,,1021329
34000455126,31,REESES PBJ GRAPE KS,,2.99,N,Y,TLOG,2025-07-24 15:32:50.918,,,1021336
12000101908,26,PEPSI LIPTON BRISK LEMONADE TE,,2.19,N,Y,TLOG,2025-07-24 15:32:50.992,,,1021339
613008756420,26,ARIZONA GREEN TEA WITH GINSENG,,1.69,N,Y,TLOG,2025-07-24 15:32:51.102,,,1021345
611269002768,28,RED BULL SF SUMMER WP 12Z CAN,,3.89,N,Y,TLOG,2025-07-24 15:32:51.103,,,1021345
26100006568,14,RJR NEWPORT NON MENTHOL KS BX,,11.32,N,Y,TLOG,2025-07-24 15:32:51.11,,,1021346
28435399230,24,BUBBLR TWISTED ELIXIR 12Z CAN EA,,2.19,N,Y,TLOG,2025-07-24 15:32:51.126,,,1021347
41419420089,35,MARS COMBOS PEPPERONI PIZZA 6.,,3.79,N,Y,TLOG,2025-07-24 15:32:51.13,,,1021347
78000013528,24,CRUSH GRAPE 20Z BOTTLE EA,,2.69,N,Y,TLOG,2025-07-24 15:32:51.136,,,1021348
12000064494,24,PEPSI DOLE LEMONADE 20Z BOTTLE EA,,2.69,N,Y,TLOG,2025-07-24 15:32:51.177,,,1021350
611269113570,28,RED BULL YELLOW 12Z CAN EA,,3.89,N,Y,TLOG,2025-07-24 15:32:51.187,,,1021351
29000022157,34,HRML PLANTERS PEANUTS HEAT TUB,,0.69,N,Y,TLOG,2025-07-24 15:32:51.248,,,1021354
754336026530,10,$2 TIMES 10 BONUS EA,,2.00,N,Y,TLOG,2025-07-24 15:32:51.268,,,1021356
12000001598,27,AQUAFINA WATER 20Z BOTTLE EA,,2.09,N,Y,TLOG,2025-07-24 15:32:51.274,,,1021357
28200003577,14,PHMO MARLBORO KS BX PK,,12.40,N,Y,TLOG,2025-07-24 15:32:51.303,,,1021358
90500000396,14,ITG MAVERICK GOLD KS BX PK,,9.87,N,Y,TLOG,2025-07-24 15:32:51.318,,,1021360
26100006681,14,RJR NEWPORT MENTHOL SMOOTH SELECT 100 B,,12.99,N,Y,TLOG,2025-07-24 15:32:51.383,,,1021363
613008769161,26,ARIZONA KIWI STRAWBERRY 22Z CAN EA,,1.69,N,Y,TLOG,2025-07-24 15:32:51.385,,,1021363
70137839323,16,BLACK AND MILD NICE JAZZ PLASTIC TIP EA,,1.69,N,Y,TLOG,2025-07-24 15:32:51.431,,,1021368
12000027215,24,MOUNTAIN DEW 16Z CAN EA,,2.29,N,Y,TLOG,2025-07-24 15:32:51.5,,,1021372
70330653917,48,BIC ANIMAL LOVER 50CT,,2.49,N,Y,TLOG,2025-07-24 15:32:51.515,,,1021374
46100007006,42,SARGENTO CHEESE STICKS STRING,,0.99,N,Y,TLOG,2025-07-24 15:32:51.56,,,1021378
28400769297,35,FL CHESTERS FLAMING HOT FRIES XXVL,,2.69,N,Y,TLOG,2025-07-24 15:32:51.562,,,1021378
28400758154,36,FL JCK LNK DRTS SWT BBQ MEAT STICK,,1.79,N,Y,TLOG,2025-07-24 15:32:51.57,,,1021379
38200000063,45,JG VAN HOLTEN PICKLE DILL DISPENSER EA,,1.49,N,Y,TLOG,2025-07-24 15:32:51.572,,,1021379
71610204225,16,BACKWOODS CGRS CHC5PK,,9.99,N,Y,TLOG,2025-07-24 15:32:51.613,,,1021382
52000102413,25,GATORADE FROST GLACIER CHERRY 28Z BOTTL,,3.59,N,Y,TLOG,2025-07-24 15:32:51.617,,,1021382
613008756437,26,ARIZONA BEVERAGES SWEET TEA 23,,1.69,N,Y,TLOG,2025-07-24 15:32:51.625,,,1021383
28400769211,35,FL CHEETOS CHEDDAR JALAPENO XXVL,,2.69,N,Y,TLOG,2025-07-24 15:32:51.627,,,1021383
12000202384,26,PEPSI LIPTON BRISK TEA 1LT EA,,2.19,N,Y,TLOG,2025-07-24 15:32:51.655,,,1021386
71610505681,16,DUTCH MASTERS CGRL SWEET FUSION 2PK EA,,2.19,N,Y,TLOG,2025-07-24 15:32:51.681,,,1021388
90500000938,14,ITG SALEM GOLD MENTHOL KS BX P,,13.68,N,Y,TLOG,2025-07-24 15:32:51.714,,,1021389
754336026394,10,$1 TWENTY ONE EA,,1.00,N,Y,TLOG,2025-07-24 15:32:51.736,,,1016067
9800123018,31,ROCHER 3PC,,1.99,N,Y,TLOG,2025-07-24 15:32:51.76,,,1021391
42238725331,31,HARIBO STARMIX PB 5Z,,2.49,N,Y,TLOG,2025-07-24 15:32:51.847,,,1016068
78000014112,24,CRUSH PINEAPPLE 12PK 12Z CANS EA,,9.99,N,Y,TLOG,2025-07-24 15:32:51.857,,,1016068
71610496408,16,DUTCH MASTERS CGR JAVA FSN 2PK EA,,2.19,N,Y,TLOG,2025-07-24 15:32:51.863,,,1016068
747804011640,39,KITCHEN FRESH GOURMET CLUB WRAP EA,,7.49,N,Y,TLOG,2025-07-24 15:32:51.872,,,1021393
70137215639,16,BLKNMLD SWEETS WT NP,,1.79,N,Y,TLOG,2025-07-24 15:32:51.885,,,1016069
25900243043,16,OPTIMO CIGARILLOS SILVER 2CT EA,,1.99,N,Y,TLOG,2025-07-24 15:32:51.903,,,1021394
754336026646,10,$5 MONEY MONEY MONEY,,5.00,N,Y,TLOG,2025-07-24 15:32:51.942,,,1016071
78000013283,24,CRUSH ORANGE 20Z BOTTLE EA,,2.69,N,Y,TLOG,2025-07-24 15:32:52.075,,,1021395
12000009105,24,MUG ROOT BEER 20Z BOTTLE EA,,2.69,N,Y,TLOG,2025-07-24 15:32:52.081,,,1021395
19000083449,31,MARS LIFESAVERS GUMMSVRS WLD B,,3.99,N,Y,TLOG,2025-07-24 15:32:52.087,,,1021395
28400768528,35,FL FUNYUNS REG XXL,,5.19,N,Y,TLOG,2025-07-24 15:32:52.109,,,1021396
28400705639,35,Frito Lay Bakenets Hot N Spicy 4z,,2.99,N,Y,TLOG,2025-07-24 15:32:52.121,,,1016076
34000002207,31,HRSHY MILK CHOCOLATE KS BAR 2.,,2.99,N,Y,TLOG,2025-07-24 15:32:52.184,,,1021397
22000014634,31,LIFESAVERS GUMMIES COLLISIONS KS,,2.99,N,Y,TLOG,2025-07-24 15:32:52.197,,,1016077
40000001607,31,MARS SKITTLES FRUIT 2.17Z EA,,1.99,N,Y,TLOG,2025-07-24 15:32:52.211,,,1016077
40000002666,31,MARS SKITTLES SOUR EA,,1.99,N,Y,TLOG,2025-07-24 15:32:52.37,,,1016079
70137215592,16,BLACK AND MILD JAZZ PT 5F4,,7.99,N,Y,TLOG,2025-07-24 15:32:52.387,,,1016080
191088113536,22,CUP OF ICE EA,,0.48,N,Y,TLOG,2025-07-24 15:32:52.39,,,1016080
12000003189,24,DIET MOUNTAIN DEW 1L BOTTLE EA,,3.09,N,Y,TLOG,2025-07-24 15:32:52.404,,,1016081
12000171758,24,DIET PEPSI 1L BOTTLE EA,,3.09,N,Y,TLOG,2025-07-24 15:32:52.408,,,1016081
29000010253,34,HRML PLANTERS MIX NUTS DELUXE,,2.79,N,Y,TLOG,2025-07-24 15:32:52.413,,,1016081
70137105299,16,BLACK AND MILD CIGARS WINE WOO,,1.99,N,Y,TLOG,2025-07-24 15:32:52.533,,,1016085
70330600065,48,BIC LIGHTER REGULAR  50CT EA,,1.99,N,Y,TLOG,2025-07-24 15:32:52.539,,,1016085
12000140006,24,MOUNTAIN DEW BAJA BLAST 1L BOTTLE EA,,3.09,N,Y,TLOG,2025-07-24 15:32:52.582,,,1021401
12000024528,26,PEPSI LIPTON BRISK RASPBERRY 1L BOTTLE,,2.19,N,Y,TLOG,2025-07-24 15:32:52.615,,,1021402
16000215566,35,CHXMX BLDPRTY BLND 8Z,,4.99,N,Y,TLOG,2025-07-24 15:32:52.836,,,1016091
52000707786,25,PROPEL KIWI STRAWBERRY 20Z BOTTLE EA,,2.69,N,Y,TLOG,2025-07-24 15:32:52.841,,,1016091
52000002973,25,PROPEL BLACK CHERRY 20Z BOTTLE EA,,2.69,N,Y,TLOG,2025-07-24 15:32:52.85,,,1016091
28400767354,35,FL CHEETOS FLMN HT PCKL XXVL,,2.69,N,Y,TLOG,2025-07-24 15:32:52.87,,,1021404
28400769204,35,FL CHEETOS XTRA FLAMIN HOT XXVL,,2.69,N,Y,TLOG,2025-07-24 15:32:52.921,,,1021406
41364087344,31,AMRCN LCRC SOUR PUNCH BITES AS,,2.69,N,Y,TLOG,2025-07-24 15:32:52.926,,,1021406
50000421947,46,NSTL PT FRISKIES MEATY BITS CHICKEN/GRA,,1.59,N,Y,TLOG,2025-07-24 15:32:52.956,,,1016092
191088114038,9,$18 EXTREME CAR WASH NEW,,18.00,N,Y,TLOG,2025-07-24 15:32:53.017,,,9013149
38000845253,33,KLG PRINGLES SOUR CREAM ONION,,2.09,N,Y,TLOG,2025-07-24 15:32:53.066,,,1016093
28400769228,35,FL CHEETOS HOT XXVL,,2.69,N,Y,TLOG,2025-07-24 15:32:53.142,,,1016096
12000171635,27,LIFE WATER 20Z BOTTLE EA,,2.49,N,Y,TLOG,2025-07-24 15:32:53.147,,,1016096
24100577217,35,KLG CHEEZ IT SNACK MIX DOUBLE,,3.09,N,Y,TLOG,2025-07-24 15:32:53.312,,,1021409
28200004710,14,PHMO MARLBORO MENTHOL GOLD 100,,12.76,N,Y,TLOG,2025-07-24 15:32:53.372,,,1016101
34000002290,31,HRSHY KIT KAT BAR KS EA,,2.99,N,Y,TLOG,2025-07-24 15:32:53.764,,,1021416
34000560028,31,HRSHY TWIZZLERS STRAWBERRY 16Z EA,,4.79,N,Y,TLOG,2025-07-24 15:32:53.773,,,1021416
613008756475,26,ARIZONA BEVERAGES FRUIT PUNCH,,1.69,N,Y,TLOG,2025-07-24 15:32:53.817,,,1016107
28400768252,35,FL SUN CHIPS HRVST CHDR XXVL,,2.69,N,Y,TLOG,2025-07-24 15:32:53.896,,,1016111
40000140924,31,MARS SKITTLES PEG 7.2Z EA,,3.49,N,Y,TLOG,2025-07-24 15:32:54.326,,,1016121
28400766784,33,FL RFFLS SMKHS BBQ XXVL,,2.69,N,Y,TLOG,2025-07-24 15:32:54.332,,,1016121
77449506035,31,GURLEYS GUMMY BEARS,,1.29,N,Y,TLOG,2025-07-24 15:32:54.337,,,1016121
25900205355,16,SWISHER SWEETS CIGARILLOS DIAM,,2.29,N,Y,TLOG,2025-07-24 15:32:54.353,,,1016121
73390014490,31,PRFTT AIRHEADS FRUIT BITE 6Z E,,3.19,N,Y,TLOG,2025-07-24 15:32:54.484,,,1016125
10700702302,31,HRSHY JOLLY RANCHER HARD CANDY,,3.59,N,Y,TLOG,2025-07-24 15:32:54.508,,,1016126
93922520107,31,FRRA NOW and LATER CHEWS GRAPE PP25 0.9,,0.25,N,Y,TLOG,2025-07-24 15:32:54.601,,,1016129
12000002243,24,MOUNTAIN DEW CODE RED 20Z BOTTLE EA,,2.69,N,Y,TLOG,2025-07-24 15:32:54.68,,,1016132
70137831426,16,BLACK AND MILD FILTER TIP PP2.99 5PK EA,,2.99,N,Y,TLOG,2025-07-24 15:32:54.7,,,1016133
34000002405,31,HRSHY MILK CHOCOLATE BAR 1.55Z,,1.99,N,Y,TLOG,2025-07-24 15:32:54.825,,,1016135
34000002993,31,HRSHY WHATCHAMACALLIT KS2.6 EA,,2.99,N,Y,TLOG,2025-07-24 15:32:54.833,,,1016135
70462036008,31,MNDLZ SOUR PATCH WATERMELON PE,,3.79,N,Y,TLOG,2025-07-24 15:32:54.917,,,1016137
74653791875,43,JACKS PEPPERONI PIZZA 12IN EA,,6.99,N,Y,TLOG,2025-07-24 15:32:54.923,,,1016137
26100005776,14,RJR NEWPORT MENTHOL 100 SP PK,,11.54,N,Y,TLOG,2025-07-24 15:32:54.943,,,1016138
191088113055,22,ARC FOUNTAIN SODA 32Z EA,,1.69,N,Y,TLOG,2025-07-24 15:32:54.985,,,1016139
79200131166,31,WONKA SWEETARTS CHEWY GIANT REG EA,,1.99,N,Y,TLOG,2025-07-24 15:32:55.003,,,1016140
40000001041,31,MARS MILKY WAY MIDNIGHT BAR 1.76Z EA,,1.99,N,Y,TLOG,2025-07-24 15:32:55.008,,,1016140
28400199636,33,FRITO LAYS LAYS SOUR CREAM AND,,4.99,N,Y,TLOG,2025-07-24 15:32:55.115,,,1016144
28400516686,33,RUFFLES ORIGINAL 8Z EA,,5.99,N,Y,TLOG,2025-07-24 15:32:55.121,,,1016144
26100005783,14,RJR NEWPORT MENTHOL KS SP PK,,11.54,N,Y,TLOG,2025-07-24 15:32:55.357,,,1016150
20709012043,31,FRRA TROLLI GUMMY SQUIGGLES 5Z,,3.19,N,Y,TLOG,2025-07-24 15:32:55.486,,,1016154
609249907028,15,SWDSH ZYN CITRUS 6MG EA,,5.69,N,Y,TLOG,2025-07-24 15:32:55.623,,,1016160
90500000433,14,ITG MAVERICK MENTHOL GOLD 100,,9.87,N,Y,TLOG,2025-07-24 15:32:55.728,,,1016163
876063002806,25,MUSCLE MILK PRO CHOCOLATE 14Z BOTTLE EA,,5.19,N,Y,TLOG,2025-07-24 15:32:55.745,,,1016164
52000051179,25,MUSCLE MILK PRO CHCLTE PNUT BUTTER 14Z,,5.19,N,Y,TLOG,2025-07-24 15:32:55.752,,,1016164
29000078628,34,HRML PLANTERS TRAIL MIX NUT CH,,3.99,N,Y,TLOG,2025-07-24 15:32:55.759,,,1016164
12000140709,24,PEPSI WILD CHERRY 16Z CAN EA,,2.29,N,Y,TLOG,2025-07-24 15:32:55.799,,,1016166
76171220554,51,LITTLE TREES AIR FRESHENER BLACK ICE,,1.99,N,Y,TLOG,2025-07-24 15:32:55.873,,,1016168
12000171741,24,DIET PEPSI 20Z BOTTLE EA,,2.69,N,Y,TLOG,2025-07-24 15:32:56.091,,,1016175
28435600282,24,BUBBLR TRIPLE BERRY BREEZER 12Z CAN EA,,2.19,N,Y,TLOG,2025-07-24 15:32:56.096,,,1016175
12000230592,24,BUBLY BURST CHERRY LIMEADE 16.9Z EA,,1.79,N,Y,TLOG,2025-07-24 15:32:56.1,,,1016175
366715970633,47,LIL DRUG BENADRYL ALLERGY RELI,,3.99,N,Y,TLOG,2025-07-24 15:32:56.784,,,1028213
70137215653,16,BLACK AND MILD NICE SWEET PT,,1.69,N,Y,TLOG,2025-07-24 15:32:56.797,,,1028215
44000047368,38,MNDLZ NABISCO CH,,2.49,N,Y,TLOG,2025-07-24 15:32:56.84,,,1028219
611269281361,28,RED BULL COCONUT BERRY 8.4Z CAN EA,,3.09,N,Y,TLOG,2025-07-24 15:32:56.846,,,1028220
82592727152,26,QTGNJ NAKED JUICE SMOOTHIE BLUEMACHN 8P,,5.19,N,Y,TLOG,2025-07-24 15:32:56.857,,,1028221
52000050622,25,GATORLYTE WATERMELON 20Z BOTTLE EA,,3.49,N,Y,TLOG,2025-07-24 15:32:56.859,,,1028221
47995855086,14,SNTFE AMERICAN SPIRIT BLUE KS,,13.03,N,Y,TLOG,2025-07-24 15:32:56.861,,,1028221
611269001303,28,RED BULL AMBER 12Z CAN EA,,3.89,N,Y,TLOG,2025-07-24 15:32:56.879,,,1028222
52000052855,25,GATORLYTE ZERO STRAWBERRY KIWI 20Z BOTT,,3.49,N,Y,TLOG,2025-07-24 15:32:56.885,,,1028223
52000063172,25,GATORADE AQUA BLST 28Z,,3.59,N,Y,TLOG,2025-07-24 15:32:56.931,,,1028226
888109253790,38,HOSTESS BANANA MUFFIN EA,,2.79,N,Y,TLOG,2025-07-24 15:32:56.945,,,1028227
888109253691,38,HOST MFN DBL CHOC5Z,,2.79,N,Y,TLOG,2025-07-24 15:32:56.946,,,1028227
46100339404,42,SARGENTO CHEESE,,1.49,N,Y,TLOG,2025-07-24 15:32:56.952,,,1028228
70137839927,16,BLACK AND MILD NICE ORIGINAL WOOD TIP E,,1.69,N,Y,TLOG,2025-07-24 15:32:56.958,,,1028229
98100100423,29,STARBUCKS TRIPLE SHOT ENERGY VANILLA 11,,4.19,N,Y,TLOG,2025-07-24 15:32:56.966,,,1028230
853754003052,38,DAELMANS CA,,2.19,N,Y,TLOG,2025-07-24 15:32:56.978,,,1028232
28435600145,27,BUBBLR LEMON LIME TWISTER 12Z CAN EA,,2.19,N,Y,TLOG,2025-07-24 15:32:56.98,,,1028232
28400774888,35,FL DORITOS TWSTD QUESO XXVL,,2.69,N,Y,TLOG,2025-07-24 15:32:56.981,,,1028232
90500000518,14,ITG MAVERICK MENTHOL 100 BX PK,,10.02,N,Y,TLOG,2025-07-24 15:32:56.996,,,1028233
70847029014,28,RCI MONSTER MANGO LOCO 16Z CAN EA,,3.49,N,Y,TLOG,2025-07-24 15:32:57.007,,,1028235
79223023103,51,RCI MIDWEST CAN 2 GALLON GASOLINE,,16.99,N,Y,TLOG,2025-07-24 15:32:57.055,,,1028241
52000052862,25,GATORLYTE ZERO LEMON LIME 20Z BOTTLE EA,,3.49,N,Y,TLOG,2025-07-24 15:32:57.057,,,1028241
831754009984,29,COLECTIVO COLD BREW 8Z CAN,,4.19,N,Y,TLOG,2025-07-24 15:32:57.069,,,1028242
851015004268,36,SWTWDJALPFTM,,2.79,N,Y,TLOG,2025-07-24 15:32:57.118,,,1028245
28400770569,35,FL DORITOS COOL RANCH XXVL,,2.69,N,Y,TLOG,2025-07-24 15:32:57.121,,,1028245
49000079357,25,RCI POWERADE MOUNTAIN BERRY 28Z BOTTLE,,2.79,N,Y,TLOG,2025-07-24 15:32:57.125,,,1028246
855022005232,15,HLX ON NICOTINE POUCH WINTERGR,,4.45,N,Y,TLOG,2025-07-24 15:32:57.136,,,1028247
28435399780,27,BUBBLR PITAYA BERRY 12Z CAN EA,,2.19,N,Y,TLOG,2025-07-24 15:32:57.142,,,1028248
609249903013,15,SWDSH ZYN WINTERGREEN POUCH 3M,,5.69,N,Y,TLOG,2025-07-24 15:32:57.144,,,1028248
689076852531,62,PROPANE EXC,,26.99,N,Y,TLOG,2025-07-24 15:32:57.152,,,1028249
47995855215,14,SNTFE AMERICAN SPIRIT CELADON,,13.03,N,Y,TLOG,2025-07-24 15:32:57.158,,,1028250
78000082401,24,RCI DR PEPPER 20Z BOTTLE EA,,2.69,N,Y,TLOG,2025-07-24 15:32:57.191,,,1019840
41419420072,35,MARS COMBOS CRACKER CHEESE 6.3,,3.79,N,Y,TLOG,2025-07-24 15:32:57.193,,,1019840
79200562106,31,FRRA LAFFY TAFFY BANANA 1.5Z EA,,1.99,N,Y,TLOG,2025-07-24 15:32:57.195,,,1019840
22000008992,32,WRIGLEY EXTRA SPEARMINT 15 PC,,1.99,N,Y,TLOG,2025-07-24 15:32:57.197,,,1019840
813608011978,42,WI BEST PEPE,,2.49,N,Y,TLOG,2025-07-24 15:32:57.206,,,1019841
78516000326,35,TRKYCRK TURKEY CREEK PORK RIND,,2.49,N,Y,TLOG,2025-07-24 15:32:57.207,,,1019841
83046008537,27,RCI ICE MOUNTAIN 20Z BOTTLE,,1.49,N,Y,TLOG,2025-07-24 15:32:57.231,,,1028252
73100008900,15,UTC SKOAL SNUS MINT POUCH EA,,12.44,N,Y,TLOG,2025-07-24 15:32:57.237,,,1028253
71007861444,40,RZ FD TORNAD,,1.19,N,Y,TLOG,2025-07-24 15:32:57.262,,,1019843
77782678604,40,JVILLE HOTDO,,1.99,N,Y,TLOG,2025-07-24 15:32:57.264,,,1019843
52000104103,25,GATORADE FIERCE BLUE CHERRY 28Z BOTTLE,,3.59,N,Y,TLOG,2025-07-24 15:32:57.273,,,1028255
611269003123,28,RED BULL PINK 12Z CAN,,3.89,N,Y,TLOG,2025-07-24 15:32:57.279,,,1028255
73309200204,50,HOME CITY ICE 20LB EA,,5.79,N,Y,TLOG,2025-07-24 15:32:57.292,,,1028256
52000013580,25,PROPEL WATERMELON 20Z BOTTLE EA,,2.69,N,Y,TLOG,2025-07-24 15:32:57.305,,,1019845
22000294869,32,WRIGLEY ORBIT SF SWEET MINT 40PC,,4.49,N,Y,TLOG,2025-07-24 15:32:57.351,,,1028261
611269623734,28,RED BULL TOTAL ZERO 12Z CAN EA,,3.89,N,Y,TLOG,2025-07-24 15:32:57.353,,,1028261
49000079364,25,RCI POWERADE ORANGE 28Z BOTTLE EA,,2.79,N,Y,TLOG,2025-07-24 15:32:57.424,,,1019847
874411000436,16,CHEYENNE CIGARS 100 FULL FLAVO,,2.99,N,Y,TLOG,2025-07-24 15:32:57.436,,,1028264
36669065975,40,HMRKT ROLLER,,1.49,N,Y,TLOG,2025-07-24 15:32:57.452,,,1028266
49000079395,25,RCI POWERADE STRWBRRY LMND 28Z,,2.79,N,Y,TLOG,2025-07-24 15:32:57.453,,,1028266
12000286186,26,PEPSI LIPTON PURE LEAF SWEET L,,2.99,N,Y,TLOG,2025-07-24 15:32:57.455,,,1028266
70847811244,28,RCI MONSTER ORIGINAL 24Z CAN EA,,4.89,N,Y,TLOG,2025-07-24 15:32:57.474,,,1019848
70847896180,28,RCI MONSTER ULTRA FNTSY RBYRD 16Z CAN,,3.49,N,Y,TLOG,2025-07-24 15:32:57.476,,,1019848
28400770125,33,FL LAYS LIMON XXVL,,2.69,N,Y,TLOG,2025-07-24 15:32:57.488,,,1019849
22000116024,32,5 PRISM SF WATERMELON GUM 15 P,,2.19,N,Y,TLOG,2025-07-24 15:32:57.492,,,1019849
24300781162,38,LD FDG GRNLA,,0.75,N,Y,TLOG,2025-07-24 15:32:57.55,,,1028268
42100008715,15,AM SNF GRIZZLY WINTERGREEN LON,,11.53,N,Y,TLOG,2025-07-24 15:32:57.555,,,1028268
28400021203,35,FL RUFFLES QUESO 1Z EA,,0.50,N,Y,TLOG,2025-07-24 15:32:57.642,,,1019851
747804019202,39,KITCHEN FRESH CHCKN SLD WHT WDG EA,,4.69,N,Y,TLOG,2025-07-24 15:32:57.666,,,1019852
48500205983,26,PEPSI TROPICAN APPLE JUICE 11Z EA,,3.29,N,Y,TLOG,2025-07-24 15:32:57.681,,,1028270
889392001563,28,CELSIUS WTRMLN LMND 12Z CAN,,2.99,N,Y,TLOG,2025-07-24 15:32:57.689,,,1028271
672744680307,46,USPPR DAISY PAPER TOWELS QUILT,,1.99,N,Y,TLOG,2025-07-24 15:32:57.696,,,1028272
33604005232,42,RWS SAUDER,,2.09,N,Y,TLOG,2025-07-24 15:32:57.746,,,1019855
47995855055,14,SNTFE AMERICAN SPIRIT ORG MENT,,13.60,N,Y,TLOG,2025-07-24 15:32:57.754,,,1019856
71610496484,16,DUTCH MASTERS CIGARILLOS BRY FUSION 2PK,,2.19,N,Y,TLOG,2025-07-24 15:32:57.779,,,1028275
191088113529,23,32Z ICEE EA,,2.99,N,Y,TLOG,2025-07-24 15:32:57.787,,,1019858
28400090858,33,LAYS 2PK,,0.50,N,Y,TLOG,2025-07-24 15:32:57.847,,,1019860
849205029993,17,RJR VUSE AL,,11.99,N,Y,TLOG,2025-07-24 15:32:57.859,,,1028278
12300000031,14,RJR CAMEL KS BX PK,,10.99,N,Y,TLOG,2025-07-24 15:32:57.882,,,1019861
52000104110,25,GATORADE FIERCE GREEN APPLE 28Z BOTTLE,,3.59,N,Y,TLOG,2025-07-24 15:32:57.938,,,1019862
40000424314,31,MARS SNICKERS BAR ORIGINAL 1.8,,1.99,N,Y,TLOG,2025-07-24 15:32:57.942,,,1019862
8421440108,48,TY STITCH BEANIE BABY,,3.99,N,Y,TLOG,2025-07-24 15:32:57.968,,,1028280
28400738217,35,FL SIRACHA HONEY PP 0.50,,0.50,N,Y,TLOG,2025-07-24 15:32:57.97,,,1028280
28400725194,35,FL FRITOS QUESO TWSTS 50,,0.50,N,Y,TLOG,2025-07-24 15:32:57.973,,,1028280
12000180323,28,MOUNTAIN DEW KICKSTART PINEAPPLE 16Z CA,,2.79,N,Y,TLOG,2025-07-24 15:32:57.997,,,1028282
41116005954,31,TOPPS BABY BOTTLE POP BLUE RAS,,1.89,N,Y,TLOG,2025-07-24 15:32:58,,,1028282
46100007303,42,SARGENTO CHEESE,,0.99,N,Y,TLOG,2025-07-24 15:32:58.019,,,1019863
52000135084,25,GATORADE LIME CUCUMBER 28Z BOTTLE EA,,3.59,N,Y,TLOG,2025-07-24 15:32:58.053,,,1028284
27200008674,14,RJR PALL MALL RED 100 BX PK,,10.24,N,Y,TLOG,2025-07-24 15:32:58.074,,,1019864
70330641235,48,BIC VACATION SERIES EA,,2.49,N,Y,TLOG,2025-07-24 15:32:58.076,,,1019864
79200631635,31,FRRA LAFFY TAFFY STRAWBERRY RO,,0.50,N,Y,TLOG,2025-07-24 15:32:58.083,,,1028285
840045200757,15,ROGUE ROGUE NICOTINE POUCH WIN,,5.59,N,Y,TLOG,2025-07-24 15:32:58.098,,,1028286
52000241211,25,GATORADE FRUIT PUNCH 24Z SPORTS TOP BOT,,3.39,N,Y,TLOG,2025-07-24 15:32:58.111,,,1019866
28435600459,27,BUBBLR WATERMELON LIME SMASHER 12Z CAN,,2.19,N,Y,TLOG,2025-07-24 15:32:58.142,,,1019869
17082879844,36,JACK LINKS WILD,,2.99,N,Y,TLOG,2025-07-24 15:32:58.159,,,1019871
21136010374,27,TOPO CHICO M,,2.29,N,Y,TLOG,2025-07-24 15:32:58.164,,,1019872
17082010155,36,JL 0.8Z EA,,1.39,N,Y,TLOG,2025-07-24 15:32:58.187,,,1028287
754336026691,10,$1 MOOLA,,1.00,N,Y,TLOG,2025-07-24 15:32:58.196,,,1028288
12000240805,24,PEPSI WILD CHERRY CREAM 20Z EA,,2.69,N,Y,TLOG,2025-07-24 15:32:58.21,,,1028289
28400314015,35,FRITO LAY SMARTFOOD WHITE CHEDDAR 7Z EA,,5.19,N,Y,TLOG,2025-07-24 15:32:58.265,,,1019873
44900301539,36,OBRTO 3Z EA,,5.99,N,Y,TLOG,2025-07-24 15:32:58.267,,,1019873
28200007841,14,PHMO PARLIAMENT WHITE KS BX PK,,13.77,N,Y,TLOG,2025-07-24 15:32:58.358,,,1028299
40000001447,31,MARS MandM PEANUT BUTTER 1.63Z E,,1.99,N,Y,TLOG,2025-07-24 15:32:58.36,,,1028299
366715971234,47,LIL DRUG MOTRIN IBUPROFEN TABL,,3.99,N,Y,TLOG,2025-07-24 15:32:58.389,,,1028301
52000043143,25,GATORADE ZERO BERRY 28Z EA,,3.59,N,Y,TLOG,2025-07-24 15:32:58.448,,,1028304
694161333086,35,COCO G WISCONSIN CHEDDAR 2.75Z EA,,3.29,N,Y,TLOG,2025-07-24 15:32:58.474,,,1028306
52000042337,25,GATORADE ZERO FRUIT PUNCH 28Z BOTTLE EA,,3.59,N,Y,TLOG,2025-07-24 15:32:58.477,,,1028306
888109010010,38,HSTSS HOSTESS CU,,2.79,N,Y,TLOG,2025-07-24 15:32:58.483,,,1028306
29000015449,34,HRML PLANTERS DR,,3.99,N,Y,TLOG,2025-07-24 15:32:58.49,,,1028307
52000042313,25,GATORADE ZERO LEMON LIME 28Z BOTTLE EA,,3.59,N,Y,TLOG,2025-07-24 15:32:58.545,,,1028309
12000567490,26,PEPSI LIPTON BRISK FRUIT PUNCH,,2.19,N,Y,TLOG,2025-07-24 15:32:58.631,,,1028310
40000000327,31,MARS MandM PEANUT 1.74Z EA,,1.99,N,Y,TLOG,2025-07-24 15:32:58.642,,,1028311
12000001345,24,DIET MOUNTAIN DEW 20Z BOTTLE EA,,2.69,N,Y,TLOG,2025-07-24 15:32:58.648,,,1028312
47677474208,44,TWIX ICE CREAM BAR EA,,2.59,N,Y,TLOG,2025-07-24 15:32:58.65,,,1028312
747804015259,39,KITCHEN FRESH TERIYAKI BEEF CHEDR CHS C,,5.49,N,Y,TLOG,2025-07-24 15:32:58.671,,,1028314
811374039684,28,RCI BUCKED UP BREEZY BLAST 16Z CAN EA,,2.99,N,Y,TLOG,2025-07-24 15:32:58.74,,,1028317
52000010282,25,GATORADE FROST ICY CHARGE 28Z BOTTLE EA,,3.59,N,Y,TLOG,2025-07-24 15:32:58.805,,,1028322
611269001648,28,RED BULL JUNEBERRY 12Z CAN EA,,3.89,N,Y,TLOG,2025-07-24 15:32:58.815,,,1028323
17082008626,42,JACK LINKS,,3.99,N,Y,TLOG,2025-07-24 15:32:58.818,,,1028323
811374039691,28,RCI BUCKED UP SOUR BUCKS 16Z CAN EA,,2.99,N,Y,TLOG,2025-07-24 15:32:58.837,,,1028324
840170618205,15,VELO PLUS PEPPERMINT 6MG,,4.89,N,Y,TLOG,2025-07-24 15:32:58.846,,,1028325
28400759069,35,FL DORITOS TNGY GLDN SRCHA 50,,0.50,N,Y,TLOG,2025-07-24 15:32:58.869,,,1028327
44000043148,38,MNDLZ NABISCO CH,,0.99,N,Y,TLOG,2025-07-24 15:32:58.871,,,1028327
28400069151,35,FL CHESTER HOT FRIES VALUE EA,,0.50,N,Y,TLOG,2025-07-24 15:32:58.925,,,1028330
28400091473,35,FL CHEETOS PUFFS FLAMIN HOT VALUE EACH,,0.50,N,Y,TLOG,2025-07-24 15:32:58.927,,,1028330
70847017707,28,RCI MONSTER ZERO ULTRA 24Z CAN EA,,4.89,N,Y,TLOG,2025-07-24 15:32:58.963,,,1028332
38000765414,38,KLG RICE KRISPIE,,1.09,N,Y,TLOG,2025-07-24 15:32:58.966,,,1028332
34000455225,31,REESES PBJ STRWBRY KS,,2.99,N,Y,TLOG,2025-07-24 15:32:58.976,,,1028333
82592660152,26,QTGNJ NAKED JUICE SMOOTHIE MAN,,5.19,N,Y,TLOG,2025-07-24 15:32:59.008,,,1028336
52000058024,25,GATORDADE MIDNIGHT 28Z BOTTLE EA,,3.59,N,Y,TLOG,2025-07-24 15:32:59.023,,,1028338
719410800017,47,LVNG 5HR ENERGY POMEGRANATE 1.,,3.69,N,Y,TLOG,2025-07-24 15:32:59.034,,,1028338
12000028625,24,MOUNTAIN DEW VOLTAGE 20Z BOTTLE EA,,2.69,N,Y,TLOG,2025-07-24 15:32:59.041,,,1028339
191088113512,23,24Z ICEE EA,,2.49,N,Y,TLOG,2025-07-24 15:32:59.063,,,1028341
850016395238,39,LUNCH BOX CHICKEN BACON RANCH WRAP,,6.79,N,Y,TLOG,2025-07-24 15:32:59.118,,,1028344
70847027324,28,RCI MONSTER ULTRA VIOLET 16Z CAN EA,,3.49,N,Y,TLOG,2025-07-24 15:32:59.133,,,1028345
28435600428,27,BUBBLR TROPICAL DREAMER 12Z CAN EA,,2.19,N,Y,TLOG,2025-07-24 15:32:59.154,,,1028346
28400774871,35,FL DORITOS TWSTD QUESO 9Z,,6.29,N,Y,TLOG,2025-07-24 15:32:59.166,,,1028347
28400712996,36,JACK LINKS B,,3.99,N,Y,TLOG,2025-07-24 15:32:59.169,,,1028347
70622431018,31,GTZ COW TALES VANILLA 1OZ EA,,0.45,N,Y,TLOG,2025-07-24 15:32:59.171,,,1028347
73390055332,32,TRIDENT LARGE PACK OG,,3.19,N,Y,TLOG,2025-07-24 15:32:59.173,,,1028347
855712008000,35,DOTS DOTS HOMESTYLE PRETZEL 5Z EA,,4.99,N,Y,TLOG,2025-07-24 15:32:59.176,,,1028347
22000135377,31,MARS STARBURST MINIS FAVE REDS,,3.99,N,Y,TLOG,2025-07-24 15:32:59.177,,,1028347
613008773014,26,ARIZONA DRAGONFRUIT MANGO 23Z,,1.69,N,Y,TLOG,2025-07-24 15:32:59.185,,,1019874
12000809941,24,PEPSI 12PK 12Z CANS EA,,9.99,N,Y,TLOG,2025-07-24 15:32:59.21,,,1028348
754336026592,10,$10 BLAZING SUITS EA,,10.00,N,Y,TLOG,2025-07-24 15:32:59.212,,,1028348
754336026554,10,$2 ALL THE MONEY,,2.00,N,Y,TLOG,2025-07-24 15:32:59.219,,,1028348
74570004003,44,HAAGEN DAZS VANILLA 14Z EACH,,6.99,N,Y,TLOG,2025-07-24 15:32:59.239,,,1028349
34000002399,31,HRSHY COOKIES AND CREAM BAR 1.,,1.99,N,Y,TLOG,2025-07-24 15:32:59.273,,,1028351
76064003042,38,NEMO CAKE EA,,2.19,N,Y,TLOG,2025-07-24 15:32:59.338,,,1019879
30100125150,35,KLG KEEBLER CRACKER CHEESE and P,,0.99,N,Y,TLOG,2025-07-24 15:32:59.347,,,1028353
70847898245,28,RCI MONSTER ULTRA BLUE HWN 16Z CAN,,3.49,N,Y,TLOG,2025-07-24 15:32:59.352,,,1028354
34000005215,31,HRSHY MOUNDS KS BAR 3.5Z EA,,2.99,N,Y,TLOG,2025-07-24 15:32:59.356,,,1028354
12000230639,27,BUBLY BURST WATERMELON LIME 16.9Z EA,,1.79,N,Y,TLOG,2025-07-24 15:32:59.373,,,1028356
888109253738,38,HOSTESS MFN,,2.79,N,Y,TLOG,2025-07-24 15:32:59.388,,,1019880
28400090094,35,FL LAYS SALT AND VINEGAR 1Z EA,,0.50,N,Y,TLOG,2025-07-24 15:32:59.39,,,1019880
609249900036,15,SWDSH ZYN COOL MINT POUCH 6MG,,5.69,N,Y,TLOG,2025-07-24 15:32:59.397,,,1028357
12000191435,24,MOUNTAIN DEW ZERO SUGAR 20Z BOTTLE EA,,2.69,N,Y,TLOG,2025-07-24 15:32:59.431,,,1019882
52000047912,25,GATORLYTE STRAWBERRY KIWI 20Z BOTTLE EA,,3.49,N,Y,TLOG,2025-07-24 15:32:59.494,,,1028361
41548898469,44,EDY KITKAT 14Z EA,,3.29,N,Y,TLOG,2025-07-24 15:32:59.496,,,1028361
28400744935,36,FL JL DORITOS MEAT STICK,,1.99,N,Y,TLOG,2025-07-24 15:32:59.498,,,1028361
71924248120,51,RCI MOBIL 1 5W30 QT EA,,14.99,N,Y,TLOG,2025-07-24 15:32:59.592,,,1028364
22000005120,32,5REACT SF PEPPERMINT GUM 15 PC,,2.19,N,Y,TLOG,2025-07-24 15:32:59.636,,,1028365
52000055009,25,GATORLYTE ZERO FRUIT PUNCH 20Z BOTTLE E,,3.49,N,Y,TLOG,2025-07-24 15:32:59.649,,,1019886
87076214654,34,CNTRY SNAK CLUB,,3.79,N,Y,TLOG,2025-07-24 15:32:59.696,,,1019888
840045200870,15,ROGUE ROGUE NICOTINE POUCH SPEARMINT 6M,,5.59,N,Y,TLOG,2025-07-24 15:32:59.745,,,1019891
17082600233,36,JACK LINKS JMBO,,3.89,N,Y,TLOG,2025-07-24 15:32:59.882,,,1019899
52000063400,25,GATORADE MU COOL BLUE FP 28Z,,3.59,N,Y,TLOG,2025-07-24 15:32:59.884,,,1019899
52000104325,37,GATORBAR EAC,,3.79,N,Y,TLOG,2025-07-24 15:32:59.916,,,1028370
52000328684,25,GATORADE LEMON LIME 20Z BOTTLE EA,,2.69,N,Y,TLOG,2025-07-24 15:32:59.987,,,1028373
722252101204,37,CLIF 2.4Z EA,,2.39,N,Y,TLOG,2025-07-24 15:32:59.99,,,1028373
28400770606,35,FL DORITOS SPICY NACHO XXVL,,2.69,N,Y,TLOG,2025-07-24 15:32:59.997,,,1028374
70462002065,31,SOUR PATCH KIDS KS EA,,2.99,N,Y,TLOG,2025-07-24 15:32:59.999,,,1028374
17800150149,46,NSTL PT PURINA COMPLETE CAT CH,,8.99,N,Y,TLOG,2025-07-24 15:33:00.071,,,1019906
50000421541,46,NSTL PT FRISKIES CLASSIC PATE,,1.59,N,Y,TLOG,2025-07-24 15:33:00.076,,,1019906
50000423347,46,NSTL PT FRISKIES CLASSIC PATE,,1.59,N,Y,TLOG,2025-07-24 15:33:00.079,,,1019906
818094005753,28,ROCKSTAR SUGAR FREE 16Z CAN EA,,2.99,N,Y,TLOG,2025-07-24 15:33:00.097,,,1019907
609249901019,15,SWDSH ZYN PEPPERMINT POUCH 3MG,,5.69,N,Y,TLOG,2025-07-24 15:33:00.103,,,1028380
611269109009,28,RED BULL SUGAR FREE 8.4Z CANS 4PK EA,,9.39,N,Y,TLOG,2025-07-24 15:33:00.201,,,1028385
22000006691,32,WRIGLEY WINTERFRESH SLIM PAK GUM 15 PC,,1.99,N,Y,TLOG,2025-07-24 15:33:00.227,,,1028388
22000000675,32,HUBBA BUBBA MAX STRAWBERRY WAT,,1.29,N,Y,TLOG,2025-07-24 15:33:00.295,,,1028393
72554415166,44,NESTLE OREO BAR EA,,2.59,N,Y,TLOG,2025-07-24 15:33:00.316,,,1028394
28000065812,44,NESTLE STRAWBERRY SHORTCAKE EA,,2.59,N,Y,TLOG,2025-07-24 15:33:00.319,,,1028394
28400697460,35,FL DORITOS SWEET AND TANGY BBQ VALUE EA,,0.50,N,Y,TLOG,2025-07-24 15:33:00.36,,,1028396
28400712972,36,JACK LINKS,,1.79,N,Y,TLOG,2025-07-24 15:33:00.376,,,1028397
73100008924,15,UTC SKOAL SNUS SMOOTH MINT POU,,12.44,N,Y,TLOG,2025-07-24 15:33:00.41,,,1028399
73390055301,32,TRIDENT POCKET PACK TRPCL TWST,,3.19,N,Y,TLOG,2025-07-24 15:33:00.427,,,1028401
849819000197,26,RCI NATURES TWST LMND 16.9Z,,1.29,N,Y,TLOG,2025-07-24 15:33:00.442,,,1028402
888109050030,38,HSTSS HOSTESS DONUT FROSTED DE,,2.79,N,Y,TLOG,2025-07-24 15:33:00.446,,,1028402
850251004438,35,AMPLFY SKINNY POP POPCORN SNAC,,2.39,N,Y,TLOG,2025-07-24 15:33:00.448,,,1028402
888109050054,38,HSTSS HOSTESS DO,,2.79,N,Y,TLOG,2025-07-24 15:33:00.482,,,1028404
12000028472,29,STARBUCKS DOUBLESHOT COFFEE 15Z CAN EA,,4.19,N,Y,TLOG,2025-07-24 15:33:00.484,,,1028404
719410720018,47,LVNG 5HR ENERGY XTRA STRNG GRA,,3.99,N,Y,TLOG,2025-07-24 15:33:00.515,,,1028407
28400040129,35,FL CHEETOS FLAMIN HOT VALUE EACH,,0.50,N,Y,TLOG,2025-07-24 15:33:00.526,,,1028408
98100100775,29,STARBUCKS FRAPP LITE VNLA 9.5,,3.79,N,Y,TLOG,2025-07-24 15:33:00.693,,,1028412
52000328660,25,GATORADE FRUIT PUNCH 20Z BOTTLE EA,,2.69,N,Y,TLOG,2025-07-24 15:33:00.716,,,1028414
16000513693,37,NTRVLY 1.35Z,,1.69,N,Y,TLOG,2025-07-24 15:33:00.758,,,1028415
47495112559,37,NATURES BAKERY FIG BAR APPLE CINNAMON 2,,1.29,N,Y,TLOG,2025-07-24 15:33:00.76,,,1028415
813608012616,42,CHDR STK 1Z EA,,1.29,N,Y,TLOG,2025-07-24 15:33:00.763,,,1028415
52000002966,25,PROPEL PEACH 20Z BOTTLE EA,,2.69,N,Y,TLOG,2025-07-24 15:33:00.786,,,1028417
34000544134,31,HRSHY TWIZZLERS NIBS CHERRY 6Z,,3.59,N,Y,TLOG,2025-07-24 15:33:00.817,,,1028418
27200008513,14,RJR PALL MALL RED KS BX PK,,10.24,N,Y,TLOG,2025-07-24 15:33:00.868,,,1028421
12300000932,14,RJR CAMEL CRUSH MENTHOL KS BX,,11.79,N,Y,TLOG,2025-07-24 15:33:00.876,,,1028422
28200005687,14,PHMO MARLBORO SPECIAL SELECT R,,12.20,N,Y,TLOG,2025-07-24 15:33:00.892,,,1028424
42800005830,43,GM TOTINOS P,,3.99,N,Y,TLOG,2025-07-24 15:33:00.914,,,1028426
40000441489,31,MARS SNICKERS PB SQRD KS 3.56Z,,2.99,N,Y,TLOG,2025-07-24 15:33:00.916,,,1028426
31000007355,43,CNGR BANQUET MEA,,3.49,N,Y,TLOG,2025-07-24 15:33:00.919,,,1028426
12000002977,24,MOUNTAIN DEW 1L BOTTLE EA,,3.09,N,Y,TLOG,2025-07-24 15:33:00.937,,,1028428
28200002648,14,PHMO MARLBORO BLEND 27 KS BX P,,12.40,N,Y,TLOG,2025-07-24 15:33:01.003,,,1028430
857777004195,37,INSRGNT RXBAR PR,,2.59,N,Y,TLOG,2025-07-24 15:33:01.015,,,1028431
72554218606,44,NESTLE DRUM KING VANILLA EACH,,3.99,N,Y,TLOG,2025-07-24 15:33:01.039,,,1028432
28400761826,33,FL RFFLS SMKHS BBQ 50,,0.50,N,Y,TLOG,2025-07-24 15:33:01.091,,,1028435
41548825533,44,DREYERS NESTLE CRUNCH DIBS 16Z,,3.29,N,Y,TLOG,2025-07-24 15:33:01.122,,,1028439
24100116225,35,KLG CHEEZ IT WHITE CHEDDAR 7Z EA,,4.89,N,Y,TLOG,2025-07-24 15:33:01.126,,,1028439
71720000083,31,TTSRLL GIANT ASST POPS 1CT EA,,0.35,N,Y,TLOG,2025-07-24 15:33:01.128,,,1028439
889392001723,28,CELSIUS RETRO VIBE 12Z CAN EA,,2.99,N,Y,TLOG,2025-07-24 15:33:01.153,,,1028442
12000064524,24,PEPSI DOLE LEMONADE 2L BOTTLE EA,,3.69,N,Y,TLOG,2025-07-24 15:33:01.171,,,1028443
22000159342,32,ALTOIDS WINTERGREEN TIN MINTS,,3.69,N,Y,TLOG,2025-07-24 15:33:01.181,,,1028444
34000470228,31,HRSHY REESES CUPS MINIS KS 2.5,,2.99,N,Y,TLOG,2025-07-24 15:33:01.227,,,1028448
22000278630,31,STRBRST ALLPNK E,,2.99,N,Y,TLOG,2025-07-24 15:33:01.23,,,1028448
840170618175,15,VELO PLUS SPEARMINT 9MG,,4.89,N,Y,TLOG,2025-07-24 15:33:01.27,,,1028450
49000050158,24,RCI SPRITE 2L BOTTLE EA,,3.69,N,Y,TLOG,2025-07-24 15:33:01.315,,,1028453
40000002635,31,MARS SNICKERS KS 2PC 3Z EA,,2.99,N,Y,TLOG,2025-07-24 15:33:01.325,,,1028454
49000079401,25,RCI POWERADE GRAPE 28Z BOTTLE EA,,2.79,N,Y,TLOG,2025-07-24 15:33:01.333,,,1028455
12000161155,27,LFWTR 1L,,2.89,N,Y,TLOG,2025-07-24 15:33:01.336,,,1028455
47995855079,14,SNTFE AMERICAN SPIRIT PERIQUE,,13.03,N,Y,TLOG,2025-07-24 15:33:01.375,,,1028459
40000004455,31,MARS STARBURST ORIGINAL KING S,,2.99,N,Y,TLOG,2025-07-24 15:33:01.466,,,1028462
74653833933,43,JCK SSG 12IN,,6.99,N,Y,TLOG,2025-07-24 15:33:01.473,,,1028462
